date,regiao,mental_health_visits,total_atd,periodo,Pandemia_Step,Pandemia_Trend,PosPandemia_Step,PosPandemia_Trend,month_2,month_3,month_4,month_5,month_6,month_7,month_8,month_9,month_10,month_11,month_12,quarter_2,quarter_3,quarter_4,cos1,sin1,IR,offset,ma_12_mental_health_visits
2018-01-01,Brasil,280906.0,16650688.0,1,0,0,0,0,0,0,0,0,0,0,0,0,0,0,0,0,0,0,0.0,1.0,16.87053411847006,9.720206815876208,305023.5
2018-02-01,Brasil,268180.0,15280725.0,2,0,0,0,0,1,0,0,0,0,0,0,0,0,0,0,0,0,0,-0.8660254037844386,0.5000000000000001,17.55021440409405,9.634347509238887,309196.5714285714
2018-03-01,Brasil,315705.0,18712756.0,3,0,0,0,0,0,1,0,0,0,0,0,0,0,0,0,0,0,0,1.0,3.061616997868383e-16,16.87111187683952,9.836960709329027,318951.75
2018-04-01,Brasil,321409.0,18818333.0,4,0,0,0,0,0,0,1,0,0,0,0,0,0,0,0,1,0,0,-0.4999999999999999,0.8660254037844387,17.079568099894924,9.84258683323329,324823.1111111111
2018-05-01,Brasil,325042.0,19291195.0,5,0,0,0,0,0,0,0,1,0,0,0,0,0,0,0,1,0,0,0.5000000000000016,-0.8660254037844377,16.849241324863495,9.867404053177477,337760.6
2018-06-01,Brasil,318899.0,17535895.0,6,0,0,0,0,0,0,0,0,1,0,0,0,0,0,0,1,0,0,-0.5000000000000001,0.8660254037844386,18.185498943737976,9.772005202047334,338789.36363636365
2018-07-01,Brasil,334235.0,18796956.0,7,0,0,0,0,0,0,0,0,0,1,0,0,0,0,0,0,1,0,0.49999999999999883,0.8660254037844393,17.781336510017898,9.841450220814792,332544.3333333333
2018-08-01,Brasil,387238.0,21295471.0,8,0,0,0,0,0,0,0,0,0,0,1,0,0,0,0,0,1,0,-0.8660254037844376,-0.5000000000000018,18.184054252662456,9.96624969998076,337469.75
2018-09-01,Brasil,371794.0,20066133.0,9,0,0,0,0,0,0,0,0,0,0,0,1,0,0,0,0,1,0,0.4999999999999986,0.8660254037844395,18.528432957162202,9.906788747590772,345896.6666666667
2018-10-01,Brasil,454198.0,24146684.0,10,0,0,0,0,0,0,0,0,0,0,0,0,1,0,0,0,0,1,-0.4999999999999985,-0.8660254037844395,18.809953366681736,10.091902341164433,345202.9166666667
2018-11-01,Brasil,349077.0,18438761.0,11,0,0,0,0,0,0,0,0,0,0,0,0,0,1,0,0,0,1,1.0,-4.904777002955296e-16,18.931695030918835,9.822210303963805,349655.75
2018-12-01,Brasil,263849.0,14059001.0,12,0,0,0,0,0,0,0,0,0,0,0,0,0,0,1,0,0,1,-0.8660254037844388,0.4999999999999998,18.767265184773798,9.55101811020872,357036.8333333333
2019-01-01,Brasil,340011.0,19409656.0,13,0,0,0,0,0,0,0,0,0,0,0,0,0,0,0,0,0,0,0.4999999999999951,0.8660254037844415,17.5176211263095,9.873525953182718,359483.0
2019-02-01,Brasil,369303.0,20389977.0,14,0,0,0,0,1,0,0,0,0,0,0,0,0,0,0,0,0,0,-1.9606728399089416e-15,-1.0,18.111987080711273,9.92279873556394,367102.0833333333
2019-03-01,Brasil,307380.0,16078634.0,15,0,0,0,0,0,1,0,0,0,0,0,0,0,0,0,0,0,0,0.8660254037844407,-0.4999999999999964,19.117295660812978,9.685246588875724,373332.5833333333
2019-04-01,Brasil,374843.0,20405616.0,16,0,0,0,0,0,0,1,0,0,0,0,0,0,0,0,1,0,0,-0.866025403784439,0.49999999999999933,18.36959981997113,9.923565436063482,377343.5
2019-05-01,Brasil,413615.0,22296661.0,17,0,0,0,0,0,0,0,1,0,0,0,0,0,0,0,1,0,0,0.866025403784437,0.5000000000000028,18.55053543667368,10.012192215295709,377698.0
2019-06-01,Brasil,348253.0,18062631.0,18,0,0,0,0,0,0,0,0,1,0,0,0,0,0,0,1,0,0,-0.5000000000000038,-0.8660254037844365,19.280303074341717,9.801600497423644,382242.9166666667
2019-07-01,Brasil,425664.0,21322286.0,19,0,0,0,0,0,0,0,0,0,1,0,0,0,0,0,0,1,0,0.8660254037844374,-0.5000000000000021,19.963337889755348,9.967508095796317,387043.6666666667
2019-08-01,Brasil,462004.0,21611519.0,20,0,0,0,0,0,0,0,0,0,0,1,0,0,0,0,0,1,0,-0.8660254037844352,-0.5000000000000061,21.377673637841006,9.980981738562296,391288.4166666667
2019-09-01,Brasil,419925.0,19647635.0,21,0,0,0,0,0,0,0,0,0,0,0,1,0,0,0,0,1,0,0.866025403784441,-0.4999999999999957,21.372801357517076,9.885712253819918,391894.1666666667
2019-10-01,Brasil,458452.0,21420993.0,22,0,0,0,0,0,0,0,0,0,0,0,0,1,0,0,0,0,1,-0.5000000000000034,-0.8660254037844367,21.401995696464677,9.972126701470634,399119.0833333333
2019-11-01,Brasil,403616.0,18520682.0,23,0,0,0,0,0,0,0,0,0,0,0,0,0,1,0,0,0,1,0.8660254037844367,0.5000000000000034,21.792718000341456,9.82664333257614,393741.8333333333
2019-12-01,Brasil,321458.0,14159780.0,24,0,0,0,0,0,0,0,0,0,0,0,0,0,0,1,0,0,1,6.369401316839413e-15,-1.0,22.702188875815867,9.558160830403851,388220.8333333333
2020-01-01,Brasil,390948.0,17426499.0,25,0,0,0,0,0,0,0,0,0,0,0,0,0,0,0,0,0,0,0.8660254037844414,-0.49999999999999534,22.434110259324033,9.765747257753679,393126.4166666667
2020-02-01,Brasil,376572.0,16520344.0,26,0,0,0,0,1,0,0,0,0,0,0,0,0,0,0,0,0,0,-1.0,-4.899206177226001e-15,22.794440600026245,9.71234787010272,395109.3333333333
2020-03-01,Brasil,394079.0,17037445.0,27,0,0,0,0,0,1,0,0,0,0,0,0,0,0,0,0,0,0,1.0,1.4689571783402355e-15,23.13017004603683,9.74316884782643,394032.8333333333
2020-04-01,Brasil,310316.0,10478899.0,28,1,1,0,0,0,0,1,0,0,0,0,0,0,0,0,1,0,0,-1.0,1.96129182054553e-15,29.61341644766306,9.257118895104226,401268.9166666667
2020-05-01,Brasil,347363.0,12412552.0,29,1,2,0,0,0,0,0,1,0,0,0,0,0,0,0,1,0,0,-3.429011037612589e-15,1.0,27.984817304290043,9.42646349766993,403478.0833333333
2020-06-01,Brasil,407120.0,15197165.0,30,1,3,0,0,0,0,0,0,1,0,0,0,0,0,0,1,0,0,-0.5000000000000119,0.8660254037844318,26.78920706592315,9.62886417628073,410199.8333333333
2020-07-01,Brasil,449459.0,18172799.0,31,1,4,0,0,0,0,0,0,0,1,0,0,0,0,0,0,1,0,0.8660254037844362,0.5000000000000042,24.73251368707704,9.80768119465582,417751.1666666667
2020-08-01,Brasil,449086.0,18055161.0,32,1,5,0,0,0,0,0,0,0,0,1,0,0,0,0,0,1,0,-0.8660254037844379,-0.5000000000000012,24.87299891704095,9.801186850869252,420628.9166666667
2020-09-01,Brasil,506758.0,19528646.0,33,1,6,0,0,0,0,0,0,0,0,0,1,0,0,0,0,1,0,0.500000000000003,-0.8660254037844369,25.94946930780557,9.87963769223027,426913.0
2020-10-01,Brasil,484962.0,19095554.0,34,1,7,0,0,0,0,0,0,0,0,0,0,1,0,0,0,0,1,-0.5,0.8660254037844386,25.396592316724615,9.857210812069336,436754.25
2020-11-01,Brasil,484277.0,19270233.0,35,1,8,0,0,0,0,0,0,0,0,0,0,0,1,0,0,0,1,0.8660254037844455,-0.4999999999999881,25.130832616294782,9.866316852668993,450669.25
2020-12-01,Brasil,412074.0,16228765.0,36,1,9,0,0,0,0,0,0,0,0,0,0,0,0,1,0,0,1,-0.49999999999999406,0.866025403784442,25.39158093668865,9.69454056395964,464299.8333333333
2021-01-01,Brasil,425481.0,17413861.0,37,1,10,0,0,0,0,0,0,0,0,0,0,0,0,0,0,0,0,0.8660254037844394,0.4999999999999987,24.433467109907447,9.765021777273322,473485.75
2021-02-01,Brasil,451981.0,18225154.0,38,1,11,0,0,1,0,0,0,0,0,0,0,0,0,0,0,0,0,-0.5000000000000004,0.8660254037844384,24.799845312692558,9.81055800677257,482132.5
2021-03-01,Brasil,512174.0,21625066.0,39,1,12,0,0,0,1,0,0,0,0,0,0,0,0,0,0,0,0,0.8660254037844457,-0.4999999999999877,23.68427453585575,9.981608383818545,497561.6666666667
2021-04-01,Brasil,477296.0,19054945.0,40,1,13,0,0,0,0,1,0,0,0,0,0,0,0,0,1,0,0,-0.49999999999999534,-0.8660254037844414,25.048406069920432,9.855081926922267,506145.5
2021-05-01,Brasil,510930.0,22063295.0,41,1,14,0,0,0,0,0,1,0,0,0,0,0,0,0,1,0,0,-4.898587196589413e-15,1.0,23.157465827293702,10.001670647020777,513511.0833333333
2021-06-01,Brasil,517351.0,21549941.0,42,1,15,0,0,0,0,0,0,1,0,0,0,0,0,0,1,0,0,-1.0,7.352213659340238e-15,24.007072687577196,9.97812835770912,522648.9166666667
2021-07-01,Brasil,553220.0,21779971.0,43,1,16,0,0,0,0,0,0,0,1,0,0,0,0,0,0,1,0,0.8660254037844426,0.4999999999999932,25.400401130010685,9.988746064989279,532408.75
2021-08-01,Brasil,634236.0,23892737.0,44,1,17,0,0,0,0,0,0,0,0,1,0,0,0,0,0,1,0,-0.8660254037844514,0.4999999999999779,26.545137963892543,10.081329800521921,535354.5
2021-09-01,Brasil,609764.0,22122731.0,45,1,18,0,0,0,0,0,0,0,0,0,1,0,0,0,0,1,0,0.49999999999999195,-0.8660254037844433,27.562781466718555,10.004360910944827,543789.0833333334
2021-10-01,Brasil,573349.0,21439554.0,46,1,19,0,0,0,0,0,0,0,0,0,0,1,0,0,0,0,1,-0.49999999999998856,-0.8660254037844453,26.742580559278423,9.972992812729563,558632.5
2021-11-01,Brasil,593931.0,22606956.0,47,1,20,0,0,0,0,0,0,0,0,0,0,0,1,0,0,0,1,0.8660254037844392,-0.49999999999999917,26.27204653293438,10.026012925514108,568157.3333333334
2021-12-01,Brasil,529192.0,20870224.0,48,1,21,0,0,0,0,0,0,0,0,0,0,0,0,1,0,0,1,-4.902301080408943e-15,-1.0,25.356316252283634,9.946078733123374,583902.0833333334
2022-01-01,Brasil,460830.0,23911709.0,49,1,22,0,0,0,0,0,0,0,0,0,0,0,0,0,0,0,0,0.4999999999999851,0.8660254037844473,19.272148218264114,10.082123534267776,593667.6666666666
2022-02-01,Brasil,553196.0,22240304.0,50,1,23,0,0,1,0,0,0,0,0,0,0,0,0,0,0,0,0,-0.8660254037844333,-0.5000000000000093,24.873580864721994,10.009661417335845,602508.0
2022-03-01,Brasil,690295.0,26096335.0,51,1,24,0,0,0,1,0,0,0,0,0,0,0,0,0,0,0,0,0.4999999999999911,0.8660254037844438,26.451798691272167,10.169550161994831,618339.25
2022-04-01,Brasil,591594.0,23016715.0,52,0,0,1,1,0,0,1,0,0,0,0,0,0,0,0,1,0,0,-0.8660254037844367,-0.5000000000000034,25.702799031052,10.043975970094712,631942.6666666666
2022-05-01,Brasil,699867.0,28270162.0,53,0,0,1,2,0,0,0,1,0,0,0,0,0,0,0,1,0,0,1.0,-2.452388501477648e-15,24.756384487644606,10.249562181127532,646033.9166666666
2022-06-01,Brasil,634538.0,26505361.0,54,0,0,1,3,0,0,0,0,1,0,0,0,0,0,0,1,0,0,-0.5000000000000021,0.8660254037844374,23.93998708412234,10.185102293400838,656641.0833333334
2022-07-01,Brasil,659304.0,26865950.0,55,0,0,1,4,0,0,0,0,0,1,0,0,0,0,0,0,1,0,1.0,1.9108822931154828e-14,24.540505733093376,10.198614964532862,665876.4166666666
2022-08-01,Brasil,824211.0,31572161.0,56,0,0,1,5,0,0,0,0,0,0,1,0,0,0,0,0,1,0,-0.4999999999999936,-0.8660254037844423,26.105625142352466,10.360031030270504,692955.0
2022-09-01,Brasil,773005.0,26884283.0,57,0,0,1,6,0,0,0,0,0,0,0,1,0,0,0,0,1,0,0.8660254037844504,-0.4999999999999796,28.75304504122353,10.199297119741786,708106.3333333334
2022-10-01,Brasil,742444.0,26677221.0,58,0,0,1,7,0,0,0,0,0,0,0,0,1,0,0,0,0,1,-0.8660254037844416,0.4999999999999949,27.83063498255684,10.191565334184697,730529.5
2022-11-01,Brasil,721217.0,26927362.0,59,0,0,1,8,0,0,0,0,0,0,0,0,0,1,0,0,0,1,0.8660254037844469,-0.49999999999998557,26.78379709085502,10.20089822333945,746434.0
2022-12-01,Brasil,640016.0,23928217.0,60,0,0,1,9,0,0,0,0,0,0,0,0,0,0,1,0,0,1,-1.0,-1.6168432651928003e-14,26.747333493339685,10.082813669141949,769541.8333333334
2023-01-01,Brasil,785773.0,26879021.0,61,0,0,1,10,0,0,0,0,0,0,0,0,0,0,0,0,0,0,0.866025403784445,0.49999999999998895,29.233691212191097,10.199101372842868,787034.25
2023-02-01,Brasil,735012.0,24541421.0,62,0,0,1,11,1,0,0,0,0,0,0,0,0,0,0,0,0,0,-0.500000000000003,0.8660254037844369,29.949854981909972,10.108117622048919,806874.9166666666
2023-03-01,Brasil,959373.0,33952484.0,63,0,0,1,12,0,1,0,0,0,0,0,0,0,0,0,0,0,0,0.8660254037844343,0.5000000000000077,28.256342010204616,10.432717296731518,827995.9166666666
2023-04-01,Brasil,782448.0,28705419.0,64,0,0,1,13,0,0,1,0,0,0,0,0,0,0,0,1,0,0,-2.942866201773178e-15,-1.0,27.25784981574385,10.264841199255352,840548.25
2023-05-01,Brasil,977161.0,34034554.0,65,0,0,1,14,0,0,0,1,0,0,0,0,0,0,0,1,0,0,0.8660254037844235,0.5000000000000263,28.71085074304191,10.435131581638707,861703.5833333334
2023-06-01,Brasil,844447.0,28747946.0,66,0,0,1,15,0,0,0,0,1,0,0,0,0,0,0,1,0,0,-0.5000000000000157,0.8660254037844296,29.374168157961616,10.26632160019503,879641.0
2023-07-01,Brasil,897392.0,29726466.0,67,0,0,1,16,0,0,0,0,0,1,0,0,0,0,0,0,1,0,0.500000000000014,0.8660254037844306,30.188317709881826,10.299793039098109,892690.5
2023-08-01,Brasil,1077663.0,34826560.0,68,0,0,1,17,0,0,0,0,0,0,1,0,0,0,0,0,1,0,-0.5000000000000047,-0.8660254037844359,30.943710777062105,10.458135593050322,902410.2727272727
2023-09-01,Brasil,923633.0,28574833.0,69,0,0,1,18,0,0,0,0,0,0,0,1,0,0,0,0,1,0,5.883256481000002e-15,1.0,32.32330351676946,10.260281644376468,919150.1
2023-10-01,Brasil,996308.0,31539972.0,70,0,0,1,19,0,0,0,0,0,0,0,0,1,0,0,0,0,1,-1.0,-1.0287652093474354e-14,31.58874078898992,10.359010972755062,914680.8888888889
2023-11-01,Brasil,936466.0,29912945.0,71,0,0,1,20,0,0,0,0,0,0,0,0,0,1,0,0,0,1,1.0,2.1068257809790594e-14,31.306379228123475,10.30604660882975,931210.0
2023-12-01,Brasil,796610.0,25454786.0,72,0,0,1,21,0,0,0,0,0,0,0,0,0,0,1,0,0,1,-1.0,-3.427154095702824e-15,31.295097118475084,10.144659059308365,924645.5714285715
2018-01-01,centro_oeste,20616.0,1059080.0,1,0,0,0,0,0,0,0,0,0,0,0,0,0,0,0,0,0,0,0.8660254037844386,0.5000000000000001,19.46595158061714,6.965155885713242,23582.166666666668
2018-02-01,centro_oeste,20384.0,1011123.0,2,0,0,0,0,1,0,0,0,0,0,0,0,0,0,0,0,0,0,-0.5000000000000001,-0.8660254037844386,20.15976295663337,6.918816873341353,24071.85714285714
2018-03-01,centro_oeste,23709.0,1211151.0,3,0,0,0,0,0,1,0,0,0,0,0,0,0,0,0,0,0,0,0.8660254037844392,-0.4999999999999992,19.575593794663096,7.099326426118461,25060.125
2018-04-01,centro_oeste,24507.0,1293344.0,4,0,0,0,0,0,0,1,0,0,0,0,0,0,0,0,1,0,0,-0.8660254037844387,-0.49999999999999983,18.94855506346339,7.16498639133788,25419.333333333332
2018-05-01,centro_oeste,25896.0,1284953.0,5,0,0,0,0,0,0,0,1,0,0,0,0,0,0,0,1,0,0,1.0,5.51091059616309e-16,20.153266306238436,7.15847742078492,26066.9
2018-06-01,centro_oeste,26381.0,1175692.0,6,0,0,0,0,0,0,0,0,1,0,0,0,0,0,0,1,0,0,-0.8660254037844377,-0.5000000000000016,22.438699931614742,7.0696121893936255,26048.81818181818
2018-07-01,centro_oeste,27010.0,1230617.0,7,0,0,0,0,0,0,0,0,0,1,0,0,0,0,0,0,1,0,0.8660254037844385,-0.5000000000000003,21.94833973527101,7.115270948610452,25528.75
2018-08-01,centro_oeste,31978.0,1440263.0,8,0,0,0,0,0,0,0,0,0,0,1,0,0,0,0,0,1,0,8.572527594031472e-16,-1.0,22.202889333406468,7.272581014782483,26050.166666666668
2018-09-01,centro_oeste,28293.0,1267034.0,9,0,0,0,0,0,0,0,0,0,0,0,1,0,0,0,0,1,0,1.0,-7.354070601250002e-16,22.330103217435365,7.144434015004496,26987.083333333332
2018-10-01,centro_oeste,31895.0,1443295.0,10,0,0,0,0,0,0,0,0,0,0,0,0,1,0,0,0,0,1,-0.5000000000000006,0.8660254037844384,22.098739342961768,7.274683973084278,27095.916666666668
2018-11-01,centro_oeste,25868.0,1188338.0,11,0,0,0,0,0,0,0,0,0,0,0,0,0,1,0,0,0,1,0.4999999999999984,0.8660254037844396,21.768217460015585,7.0803109712413,27498.833333333332
2018-12-01,centro_oeste,19808.0,915454.0,12,0,0,0,0,0,0,0,0,0,0,0,0,0,0,1,0,0,1,4.899825157862589e-15,-1.0,21.637351521758603,6.8194201170848645,28018.666666666668
2019-01-01,centro_oeste,26873.0,1275159.0,13,0,0,0,0,0,0,0,0,0,0,0,0,0,0,0,0,0,0,0.8660254037844406,-0.4999999999999966,21.07423466406934,7.150826155699748,28094.083333333332
2019-02-01,centro_oeste,31627.0,1459111.0,14,0,0,0,0,1,0,0,0,0,0,0,0,0,0,0,0,0,0,-0.4999999999999981,-0.8660254037844397,21.675527084642635,7.285582625135398,28656.916666666668
2019-03-01,centro_oeste,25015.0,1177864.0,15,0,0,0,0,0,1,0,0,0,0,0,0,0,0,0,0,0,0,-1.7145055188062944e-15,1.0,21.237596191071294,7.071457907631567,29075.583333333332
2019-04-01,centro_oeste,29342.0,1472130.0,16,0,0,0,0,0,0,1,0,0,0,0,0,0,0,0,1,0,0,-0.8660254037844389,-0.49999999999999956,19.931663643835805,7.294465610606654,29699.666666666668
2019-05-01,centro_oeste,32134.0,1585343.0,17,0,0,0,0,0,0,0,1,0,0,0,0,0,0,0,1,0,0,0.5000000000000074,-0.8660254037844344,20.26943065317726,7.368556066684948,30156.416666666668
2019-06-01,centro_oeste,27286.0,1284892.0,18,0,0,0,0,0,0,0,0,1,0,0,0,0,0,0,1,0,0,-0.5000000000000044,0.866025403784436,21.23602606289089,7.158429947104592,30618.583333333332
2019-07-01,centro_oeste,33764.0,1511312.0,19,0,0,0,0,0,0,0,0,0,1,0,0,0,0,0,0,1,0,-2.204364238465236e-15,1.0,22.340853510062782,7.320733426728499,30991.583333333332
2019-08-01,centro_oeste,37002.0,1522138.0,20,0,0,0,0,0,0,0,0,0,0,1,0,0,0,0,0,1,0,5.879542597180472e-15,-1.0,24.309228204013042,7.327871204482167,31414.0
2019-09-01,centro_oeste,35782.0,1406952.0,21,0,0,0,0,0,0,0,0,0,0,0,1,0,0,0,0,1,0,0.5000000000000004,0.8660254037844384,25.432281982612057,7.2491809413938615,31298.25
2019-10-01,centro_oeste,37376.0,1488005.0,22,0,0,0,0,0,0,0,0,0,0,0,0,1,0,0,0,0,1,-1.0,-4.40934745756706e-15,25.118195167354948,7.3051915756024455,31917.083333333332
2019-11-01,centro_oeste,31414.0,1292890.0,23,0,0,0,0,0,0,0,0,0,0,0,0,0,1,0,0,0,1,-9.799650315725178e-15,1.0,24.297504041333756,7.16463530168036,31702.5
2019-12-01,centro_oeste,24284.0,972469.0,24,0,0,0,0,0,0,0,0,0,0,0,0,0,0,1,0,0,1,-0.499999999999997,-0.8660254037844404,24.971490093771628,6.879838198377848,31569.416666666668
2020-01-01,centro_oeste,31942.0,1286079.0,25,0,0,0,0,0,0,0,0,0,0,0,0,0,0,0,0,0,0,0.866025403784433,0.5000000000000098,24.836732424679976,7.159353333703928,32142.25
2020-02-01,centro_oeste,30238.0,1252723.0,26,0,0,0,0,1,0,0,0,0,0,0,0,0,0,0,0,0,0,-0.8660254037844347,-0.5000000000000068,24.137818176883478,7.1330748610232595,32238.333333333332
2020-03-01,centro_oeste,32441.0,1310349.0,27,0,0,0,0,0,1,0,0,0,0,0,0,0,0,0,0,0,0,3.921345679817883e-15,1.0,24.75752642998163,7.178048792927505,31920.0
2020-04-01,centro_oeste,26767.0,873237.0,28,1,1,0,0,0,0,1,0,0,0,0,0,0,0,0,1,0,0,-0.8660254037844362,0.5000000000000042,30.65261778875609,6.772206996659439,31953.75
2020-05-01,centro_oeste,30537.0,1042159.0,29,1,2,0,0,0,0,0,1,0,0,0,0,0,0,0,1,0,0,0.8660254037844416,-0.4999999999999949,29.301670858285537,6.949049801843289,31838.25
2020-06-01,centro_oeste,34160.0,1256183.0,30,1,3,0,0,0,0,0,0,1,0,0,0,0,0,0,1,0,0,-1.0,-5.389064896884942e-15,27.193490120468116,7.13583303705178,32109.333333333332
2020-07-01,centro_oeste,34917.0,1449457.0,31,1,4,0,0,0,0,0,0,0,1,0,0,0,0,0,0,1,0,0.5000000000000056,0.8660254037844355,24.089710836540856,7.278944282519821,32236.416666666668
2020-08-01,centro_oeste,33182.0,1397664.0,32,1,5,0,0,0,0,0,0,0,0,1,0,0,0,0,0,1,0,7.349118756157295e-15,-1.0,23.74104219612153,7.242557550559025,32139.583333333332
2020-09-01,centro_oeste,36187.0,1402378.0,33,1,6,0,0,0,0,0,0,0,0,0,1,0,0,0,0,1,0,1.0,9.309172615429648e-15,25.804027159581796,7.245924646090936,32398.25
2020-10-01,centro_oeste,35990.0,1343929.0,34,1,7,0,0,0,0,0,0,0,0,0,0,1,0,0,0,0,1,-0.4999999999999898,-0.8660254037844445,26.77968851033053,7.203352692306727,32814.75
2020-11-01,centro_oeste,34667.0,1339597.0,35,1,8,0,0,0,0,0,0,0,0,0,0,0,1,0,0,0,1,1.0,2.448674617658118e-15,25.878678438366165,7.2001241014430715,33514.666666666664
2020-12-01,centro_oeste,25809.0,1070581.0,36,1,9,0,0,0,0,0,0,0,0,0,0,0,0,1,0,0,1,7.838977475816237e-15,-1.0,24.107470616422297,6.975956770744076,34317.166666666664
2021-01-01,centro_oeste,30780.0,1247466.0,37,1,10,0,0,0,0,0,0,0,0,0,0,0,0,0,0,0,0,0.5000000000000034,-0.8660254037844367,24.6740191716648,7.128869572745245,34886.916666666664
2021-02-01,centro_oeste,33342.0,1315575.0,38,1,11,0,0,1,0,0,0,0,0,0,0,0,0,0,0,0,0,-0.866025403784441,-0.4999999999999957,25.344051080326093,7.182029111397954,35463.666666666664
2021-03-01,centro_oeste,37439.0,1602916.0,39,1,12,0,0,0,1,0,0,0,0,0,0,0,0,0,0,0,0,-1.1759085194360944e-14,1.0,23.35680721884366,7.3795797494898085,36731.666666666664
2021-04-01,centro_oeste,35166.0,1406009.0,40,1,13,0,0,0,0,1,0,0,0,0,0,0,0,0,1,0,0,8.328836195475178e-15,-1.0,25.011219700585134,7.248510473488103,37698.833333333336
2021-05-01,centro_oeste,40167.0,1726725.0,41,1,14,0,0,0,0,0,1,0,0,0,0,0,0,0,1,0,0,0.8660254037844423,-0.4999999999999936,23.26195543586848,7.453981829798543,38379.75
2021-06-01,centro_oeste,40997.0,1620626.0,42,1,15,0,0,0,0,0,0,1,0,0,0,0,0,0,1,0,0,-0.8660254037844337,-0.5000000000000084,25.29701485722184,7.390567773338631,39291.916666666664
2021-07-01,centro_oeste,41838.0,1631010.0,43,1,16,0,0,0,0,0,0,0,1,0,0,0,0,0,0,1,0,0.49999999999999195,0.8660254037844433,25.651590119006016,7.396954733810066,40400.916666666664
2021-08-01,centro_oeste,48398.0,1755433.0,44,1,17,0,0,0,0,0,0,0,0,1,0,0,0,0,0,1,0,-0.8660254037844372,-0.5000000000000026,27.5704057061705,7.470470829115416,40787.083333333336
2021-09-01,centro_oeste,47793.0,1638926.0,45,1,18,0,0,0,0,0,0,0,0,0,1,0,0,0,0,1,0,-1.9599300631450357e-14,1.0,29.16117018095997,7.40179642824317,41538.833333333336
2021-10-01,centro_oeste,44161.0,1577021.0,46,1,19,0,0,0,0,0,0,0,0,0,0,1,0,0,0,0,1,-0.8660254037844479,0.49999999999998385,28.002797679929436,7.363292903297965,43057.25
2021-11-01,centro_oeste,45613.0,1641417.0,47,1,20,0,0,0,0,0,0,0,0,0,0,0,1,0,0,0,1,-1.2738802633678827e-14,1.0,27.78879468166834,7.403315172154285,44175.416666666664
2021-12-01,centro_oeste,39117.0,1540038.0,48,1,21,0,0,0,0,0,0,0,0,0,0,0,0,1,0,0,1,-0.4999999999999945,-0.8660254037844418,25.400022596845012,7.339562370427919,45707.666666666664
2022-01-01,centro_oeste,35414.0,2010087.0,49,1,22,0,0,0,0,0,0,0,0,0,0,0,0,0,0,0,0,0.8660254037844499,-0.49999999999998046,17.618142896302498,7.605933283698504,46549.25
2022-02-01,centro_oeste,42363.0,1776365.0,50,1,23,0,0,1,0,0,0,0,0,0,0,0,0,0,0,0,0,-0.866025403784441,0.4999999999999958,23.848139318214447,7.482324420454199,47308.0
2022-03-01,centro_oeste,55660.0,2020610.0,51,1,24,0,0,0,1,0,0,0,0,0,0,0,0,0,0,0,0,1.0,4.408109496293883e-15,27.546137057621213,7.611154725006427,48743.75
2022-04-01,centro_oeste,48584.0,1779598.0,52,0,0,1,1,0,0,1,0,0,0,0,0,0,0,0,1,0,0,-0.5000000000000081,0.866025403784434,27.30054765177304,7.4841427750832,49970.5
2022-05-01,centro_oeste,58554.0,2197944.0,53,0,0,1,2,0,0,0,1,0,0,0,0,0,0,0,1,0,0,0.4999999999999928,-0.8660254037844428,26.640351164542864,7.695277656931998,50949.5
2022-06-01,centro_oeste,51096.0,2231259.0,54,0,0,1,3,0,0,0,0,1,0,0,0,0,0,0,1,0,0,-1.0,-8.32821721483859e-15,22.90007569717366,7.710321279133259,51705.083333333336
2022-07-01,centro_oeste,50943.0,2022811.0,55,0,0,1,4,0,0,0,0,0,1,0,0,0,0,0,0,1,0,0.8660254037844347,0.5000000000000068,25.184260912166287,7.612243407197766,52186.166666666664
2022-08-01,centro_oeste,65627.0,2254833.0,56,0,0,1,5,0,0,0,0,0,0,1,0,0,0,0,0,1,0,-0.866025403784445,0.49999999999998895,29.105037934073167,7.7208311915447085,54308.083333333336
2022-09-01,centro_oeste,62514.0,2041206.0,57,0,0,1,6,0,0,0,0,0,0,0,1,0,0,0,0,1,0,0.4999999999999843,0.8660254037844477,30.626012269217316,7.62129608863288,55396.666666666664
2022-10-01,centro_oeste,55909.0,1951544.0,58,0,0,1,7,0,0,0,0,0,0,0,0,1,0,0,0,0,1,-0.49999999999999956,-0.8660254037844389,28.648598238113003,7.5763761331253985,56685.583333333336
2022-11-01,centro_oeste,54680.0,2006280.0,59,0,0,1,8,0,0,0,0,0,0,0,0,0,1,0,0,0,1,0.49999999999999023,0.8660254037844443,27.254421117690452,7.604037540037555,57356.166666666664
2022-12-01,centro_oeste,44890.0,1820501.0,60,0,0,1,9,0,0,0,0,0,0,0,0,0,0,1,0,0,1,1.0778129793769884e-14,-1.0,24.65804742760372,7.50686701691498,58333.166666666664
2023-01-01,centro_oeste,60877.0,2072288.0,61,0,0,1,10,0,0,0,0,0,0,0,0,0,0,0,0,0,0,1.0,-1.4726710621597656e-15,29.3767082567674,7.636408589859301,59418.583333333336
2023-02-01,centro_oeste,55426.0,1888234.0,62,0,0,1,11,1,0,0,0,0,0,0,0,0,0,0,0,0,0,-0.49999999999998684,-0.8660254037844463,29.353353450896446,7.543397279703401,60661.916666666664
2023-03-01,centro_oeste,71127.0,2588768.0,63,0,0,1,12,0,1,0,0,0,0,0,0,0,0,0,0,0,0,0.5000000000000123,-0.8660254037844315,27.475231461451934,7.858937365848345,62095.583333333336
2023-04-01,centro_oeste,56631.0,2186160.0,64,0,0,1,13,0,0,1,0,0,0,0,0,0,0,0,1,0,0,-0.8660254037844455,0.4999999999999881,25.904325392468987,7.689901859104664,62705.25
2023-05-01,centro_oeste,70278.0,2555820.0,65,0,0,1,14,0,0,0,1,0,0,0,0,0,0,0,1,0,0,0.8660254037844367,-0.5000000000000034,27.497241589783318,7.8461283904824315,64145.916666666664
2023-06-01,centro_oeste,64121.0,2191454.0,66,0,0,1,15,0,0,0,0,1,0,0,0,0,0,0,1,0,0,-0.4999999999999987,-0.8660254037844394,29.259569217514947,7.692320529449199,65332.25
2023-07-01,centro_oeste,65863.0,2198877.0,67,0,0,1,16,0,0,0,0,0,1,0,0,0,0,0,0,1,0,0.8660254037844333,-0.5000000000000093,29.95301692636741,7.695702054474679,66407.83333333333
2023-08-01,centro_oeste,82831.0,2651461.0,68,0,0,1,17,0,0,0,0,0,0,1,0,0,0,0,0,1,0,-1.0,-1.7148150091245887e-14,31.239758005114915,7.882866087813533,66910.63636363637
2023-09-01,centro_oeste,69830.0,2173642.0,69,0,0,1,18,0,0,0,0,0,0,0,1,0,0,0,0,1,0,0.49999999999999534,0.8660254037844414,32.125805445422934,7.684159380707936,68059.1
2023-10-01,centro_oeste,73197.0,2387652.0,70,0,0,1,19,0,0,0,0,0,0,0,0,1,0,0,0,0,1,4.897349235316236e-15,-1.0,30.656477577134357,7.778065735249826,67718.22222222222
2023-11-01,centro_oeste,68916.0,2274298.0,71,0,0,1,20,0,0,0,0,0,0,0,0,0,1,0,0,0,1,-1.5677954951632475e-14,1.0,30.30209761429681,7.72942671233852,69104.125
2023-12-01,centro_oeste,57797.0,1964318.0,72,0,0,1,21,0,0,0,0,0,0,0,0,0,0,1,0,0,1,-0.8660254037844284,-0.5000000000000178,29.42344365830787,7.582900390267965,68936.42857142857
2018-01-01,nordeste,45492.0,4578998.0,1,0,0,0,0,0,0,0,0,0,0,0,0,0,0,0,0,0,0,1.0,6.123233995736766e-17,9.934924627615038,8.429235475880411,48942.5
2018-02-01,nordeste,42465.0,4097130.0,2,0,0,0,0,1,0,0,0,0,0,0,0,0,0,0,0,0,0,-1.0,-1.8369701987210297e-16,10.364572273762366,8.318042007578006,49983.0
2018-03-01,nordeste,48384.0,4950878.0,3,0,0,0,0,0,1,0,0,0,0,0,0,0,0,0,0,0,0,0.4999999999999993,0.866025403784439,9.772812014353818,8.507320213571248,51761.375
2018-04-01,nordeste,52174.0,5326631.0,4,0,0,0,0,0,0,1,0,0,0,0,0,0,0,0,1,0,0,-1.0,-4.286263797015736e-16,9.794934171336442,8.580474234759901,52246.666666666664
2018-05-01,nordeste,54298.0,5382408.0,5,0,0,0,0,0,0,0,1,0,0,0,0,0,0,0,1,0,0,0.5000000000000006,0.8660254037844383,10.088049809676264,8.590891136663272,53294.3
2018-06-01,nordeste,50842.0,4644029.0,6,0,0,0,0,0,0,0,0,1,0,0,0,0,0,0,1,0,0,-0.49999999999999895,-0.8660254037844393,10.947821385266975,8.443337587414995,53311.454545454544
2018-07-01,nordeste,56226.0,5147509.0,7,0,0,0,0,0,0,0,0,0,1,0,0,0,0,0,0,1,0,0.5000000000000002,-0.8660254037844385,10.922953218731625,8.54626818732198,52636.75
2018-08-01,nordeste,64210.0,5794043.0,8,0,0,0,0,0,0,0,0,0,0,1,0,0,0,0,0,1,0,-1.0,-2.6948419387607653e-15,11.082071707096409,8.664585599772243,54158.5
2018-09-01,nordeste,56129.0,5028544.0,9,0,0,0,0,0,0,0,0,0,0,0,1,0,0,0,0,1,0,0.8660254037844393,0.49999999999999883,11.162077929515979,8.522885757970544,56062.25
2018-10-01,nordeste,62723.0,5591640.0,10,0,0,0,0,0,0,0,0,0,0,0,0,1,0,0,0,0,1,-0.8660254037844393,-0.49999999999999895,11.217281513116008,8.62902790415891,55591.416666666664
2018-11-01,nordeste,53483.0,4671650.0,11,0,0,0,0,0,0,0,0,0,0,0,0,0,1,0,0,0,1,-1.2246467991473533e-15,1.0,11.44841758265281,8.449267607318278,55806.5
2018-12-01,nordeste,45215.0,3694131.0,12,0,0,0,0,0,0,0,0,0,0,0,0,0,0,1,0,0,1,-1.0,-3.1847006584197066e-15,12.239685057189362,8.214500623043223,56378.083333333336
2019-01-01,nordeste,63753.0,5728520.0,13,0,0,0,0,0,0,0,0,0,0,0,0,0,0,0,0,0,0,0.5000000000000009,-0.8660254037844382,11.129052530147401,8.65321248664294,56354.583333333336
2019-02-01,nordeste,65310.0,5834459.0,14,0,0,0,0,1,0,0,0,0,0,0,0,0,0,0,0,0,0,-0.4999999999999979,0.8660254037844398,11.193839908721614,8.671536824055476,57289.166666666664
2019-03-01,nordeste,42734.0,3777558.0,15,0,0,0,0,0,1,0,0,0,0,0,0,0,0,0,0,0,0,0.8660254037844372,0.5000000000000026,11.312599303571249,8.236833048099175,57800.333333333336
2019-04-01,nordeste,54755.0,5322322.0,16,0,0,0,0,0,0,1,0,0,0,0,0,0,0,0,1,0,0,5.3896838775215305e-15,-1.0,10.28780295517633,8.579664953277454,58841.333333333336
2019-05-01,nordeste,61157.0,5762422.0,17,0,0,0,0,0,0,0,1,0,0,0,0,0,0,0,1,0,0,1.0,2.443103791928823e-16,10.61307207281938,8.659113151421538,59884.083333333336
2019-06-01,nordeste,50560.0,4433343.0,18,0,0,0,0,0,0,0,0,1,0,0,0,0,0,0,1,0,0,-0.8660254037844392,0.49999999999999917,11.40448641127023,8.396909205990486,61026.083333333336
2019-07-01,nordeste,67441.0,5668036.0,19,0,0,0,0,0,0,0,0,0,1,0,0,0,0,0,0,1,0,1.0,4.892397390223529e-16,11.898477709033605,8.64259795223712,61733.833333333336
2019-08-01,nordeste,70344.0,5602920.0,20,0,0,0,0,0,0,0,0,0,0,1,0,0,0,0,0,1,0,-0.5000000000000047,0.8660254037844359,12.554882097192177,8.63104316939803,62504.666666666664
2019-09-01,nordeste,68621.0,5409725.0,21,0,0,0,0,0,0,0,0,0,0,0,1,0,0,0,0,1,0,0.5000000000000017,-0.8660254037844377,12.684748300514352,8.595953538755571,62624.166666666664
2019-10-01,nordeste,75236.0,5756442.0,22,0,0,0,0,0,0,0,0,0,0,0,0,1,0,0,0,0,1,-9.809554005910593e-16,-1.0,13.069878928685462,8.65807485449621,65016.333333333336
2019-11-01,nordeste,67187.0,4916525.0,23,0,0,0,0,0,0,0,0,0,0,0,0,0,1,0,0,0,1,0.5000000000000081,-0.8660254037844339,13.665546295401732,8.500357259125416,65563.25
2019-12-01,nordeste,53708.0,3532972.0,24,0,0,0,0,0,0,0,0,0,0,0,0,0,0,1,0,0,1,-0.5000000000000051,0.8660254037844357,15.201931971156297,8.16989472205177,65808.25
2020-01-01,nordeste,73003.0,4741530.0,25,0,0,0,0,0,0,0,0,0,0,0,0,0,0,0,0,0,0,-2.9391523179536475e-15,1.0,15.396507034649154,8.46411514741544,67566.08333333333
2020-02-01,nordeste,66744.0,4327424.0,26,0,0,0,0,1,0,0,0,0,0,0,0,0,0,0,0,0,0,-0.8660254037844396,0.4999999999999983,15.42349443918599,8.372727724793318,69190.08333333333
2020-03-01,nordeste,71440.0,4324852.0,27,0,0,0,0,0,1,0,0,0,0,0,0,0,0,0,0,0,0,0.500000000000006,0.8660254037844353,16.518484331949395,8.372133199127294,70619.75
2020-04-01,nordeste,61318.0,2685300.0,28,1,1,0,0,0,0,1,0,0,0,0,0,0,0,0,1,0,0,-0.4999999999999966,-0.8660254037844406,22.83469258555841,7.895547732545003,73117.58333333333
2020-05-01,nordeste,64097.0,3118733.0,29,1,2,0,0,0,0,0,1,0,0,0,0,0,0,0,1,0,0,1.0,8.819313895770708e-15,20.55225631690818,8.04518210858317,74123.5
2020-06-01,nordeste,71654.0,3687761.0,30,1,3,0,0,0,0,0,0,1,0,0,0,0,0,0,1,0,0,-0.8660254037844398,0.4999999999999979,19.430217956098563,8.21277477780433,76130.33333333333
2020-07-01,nordeste,86929.0,4589493.0,31,1,4,0,0,0,0,0,0,0,1,0,0,0,0,0,0,1,0,0.5000000000000089,-0.8660254037844335,18.940872118118495,8.43152483943737,78154.75
2020-08-01,nordeste,87500.0,4598839.0,32,1,5,0,0,0,0,0,0,0,0,1,0,0,0,0,0,1,0,-1.0,1.471433100886589e-15,19.02654126400163,8.433559159316793,79029.91666666667
2020-09-01,nordeste,98595.0,5069403.0,33,1,6,0,0,0,0,0,0,0,0,0,1,0,0,0,0,1,0,0.8660254037844418,-0.4999999999999945,19.449035714856365,8.53097833817269,80533.58333333333
2020-10-01,nordeste,87307.0,4685684.0,34,1,7,0,0,0,0,0,0,0,0,0,0,1,0,0,0,0,1,-1.0,-5.8789236165438834e-15,18.632711894357367,8.4522671818814,82588.0
2020-11-01,nordeste,91269.0,4511432.0,35,1,8,0,0,0,0,0,0,0,0,0,0,0,1,0,0,0,1,0.4999999999999928,0.8660254037844428,20.230605271230953,8.4143698987287,84987.41666666667
2020-12-01,nordeste,78001.0,3545271.0,36,1,9,0,0,0,0,0,0,0,0,0,0,0,0,1,0,0,1,-1.0,9.815743812276475e-16,22.001421047925533,8.173369881742572,87732.5
2021-01-01,nordeste,83505.0,3912195.0,37,1,10,0,0,0,0,0,0,0,0,0,0,0,0,0,0,0,0,0.866025403784442,-0.49999999999999406,21.34479492970059,8.271853876538174,90043.33333333333
2021-02-01,nordeste,84788.0,4272415.0,38,1,11,0,0,1,0,0,0,0,0,0,0,0,0,0,0,0,0,-0.8660254037844475,0.49999999999998473,19.845450406854205,8.359934520116596,92293.16666666667
2021-03-01,nordeste,96093.0,5132302.0,39,1,12,0,0,0,1,0,0,0,0,0,0,0,0,0,0,0,0,0.49999999999999234,0.866025403784443,18.72317724093399,8.543309570457767,95549.33333333333
2021-04-01,nordeste,90111.0,4760230.0,40,1,13,0,0,0,0,1,0,0,0,0,0,0,0,0,1,0,0,-0.8660254037844374,-0.5000000000000021,18.92996766962941,8.468051265385856,97568.5
2021-05-01,nordeste,97038.0,5572818.0,41,1,14,0,0,0,0,0,1,0,0,0,0,0,0,0,1,0,0,0.8660254037844392,0.49999999999999917,17.41273445499207,8.625656129580682,99760.66666666667
2021-06-01,nordeste,99384.0,5217344.0,42,1,15,0,0,0,0,0,0,1,0,0,0,0,0,0,1,0,0,-0.49999999999998856,0.8660254037844453,19.04877270887256,8.559743739127263,101952.08333333333
2021-07-01,nordeste,113927.0,5592577.0,43,1,16,0,0,0,0,0,0,0,1,0,0,0,0,0,0,1,0,1.9619108011821185e-15,1.0,20.371109776405405,8.629195461709376,104146.66666666667
2021-08-01,nordeste,126574.0,5989165.0,44,1,17,0,0,0,0,0,0,0,0,1,0,0,0,0,0,1,0,-0.49999999999998257,-0.8660254037844487,21.133830842863738,8.697707282394221,105461.25
2021-09-01,nordeste,122825.0,5471758.0,45,1,18,0,0,0,0,0,0,0,0,0,1,0,0,0,0,1,0,1.0,-3.4321059407955307e-15,22.447081906765614,8.607355233178227,108699.33333333333
2021-10-01,nordeste,113613.0,5267265.0,46,1,19,0,0,0,0,0,0,0,0,0,0,1,0,0,0,0,1,-1.0,-7.348499775520708e-15,21.569638132883004,8.569266531489031,112536.16666666667
2021-11-01,nordeste,117566.0,5556911.0,47,1,20,0,0,0,0,0,0,0,0,0,0,0,1,0,0,0,1,0.8660254037844353,0.5000000000000059,21.156718183897492,8.622797657315784,114918.91666666667
2021-12-01,nordeste,104336.0,4809157.0,48,1,21,0,0,0,0,0,0,0,0,0,0,0,0,1,0,0,1,-1.0,-4.880017777491762e-16,21.695278403262776,8.47827708786474,118882.83333333333
2022-01-01,nordeste,99280.0,5460054.0,49,1,22,0,0,0,0,0,0,0,0,0,0,0,0,0,0,0,0,0.5000000000000047,-0.8660254037844359,18.18297035157528,8.605213958799935,121102.66666666667
2022-02-01,nordeste,123645.0,5533135.0,50,1,23,0,0,1,0,0,0,0,0,0,0,0,0,0,0,0,0,-1.0,6.372496220022355e-15,22.34628289387481,8.618509841660641,123074.16666666667
2022-03-01,nordeste,142135.0,6338631.0,51,1,24,0,0,0,1,0,0,0,0,0,0,0,0,0,0,0,0,0.4999999999999987,-0.8660254037844394,22.42361165999409,8.754418093515534,127905.83333333333
2022-04-01,nordeste,118704.0,5602314.0,52,0,0,1,1,0,0,1,0,0,0,0,0,0,0,0,1,0,0,-1.0,-1.5188715212610122e-14,21.188387512731346,8.630935005659444,132131.16666666666
2022-05-01,nordeste,144605.0,6681635.0,53,0,0,1,2,0,0,0,1,0,0,0,0,0,0,0,1,0,0,0.866025403784443,-0.49999999999999234,21.64215794487427,8.807117997060773,136369.25
2022-06-01,nordeste,126022.0,5774024.0,54,0,0,1,3,0,0,0,0,1,0,0,0,0,0,0,1,0,0,2.937914356680471e-15,-1.0,21.825679976390816,8.661124516778148,139940.83333333334
2022-07-01,nordeste,137585.0,6258658.0,55,0,0,1,4,0,0,0,0,0,1,0,0,0,0,0,0,1,0,0.5000000000000114,-0.866025403784432,21.98314718586636,8.741721064115307,143438.5
2022-08-01,nordeste,184554.0,7967896.0,56,0,0,1,5,0,0,0,0,0,0,1,0,0,0,0,0,1,0,-0.49999999999999617,0.8660254037844408,23.162199908231734,8.983175746970417,149503.83333333334
2022-09-01,nordeste,173529.0,6571525.0,57,0,0,1,6,0,0,0,0,0,0,0,1,0,0,0,0,1,0,0.5000000000000056,-0.8660254037844355,26.406199474246844,8.790501200221302,153092.58333333334
2022-10-01,nordeste,164470.0,6408453.0,58,0,0,1,7,0,0,0,0,0,0,0,0,1,0,0,0,0,1,1.7638627791541416e-14,-1.0,25.664540256439423,8.765373179133466,157983.41666666666
2022-11-01,nordeste,160425.0,6543094.0,59,0,0,1,8,0,0,0,0,0,0,0,0,0,1,0,0,0,1,2.475922546353431e-18,1.0,24.518217222616702,8.786165421265089,162598.33333333334
2022-12-01,nordeste,146308.0,5774686.0,60,0,0,1,9,0,0,0,0,0,0,0,0,0,0,1,0,0,1,-0.8660254037844524,0.49999999999997624,25.33609619639925,8.661239161617395,170369.41666666666
2023-01-01,nordeste,172064.0,6056221.0,61,0,0,1,10,0,0,0,0,0,0,0,0,0,0,0,0,0,0,-2.1558735510086122e-14,1.0,28.411116437131337,8.708841287185919,174091.75
2023-02-01,nordeste,166710.0,5830272.0,62,0,0,1,11,1,0,0,0,0,0,0,0,0,0,0,0,0,0,-0.8660254037844396,-0.4999999999999983,28.59386320226569,8.670818933487778,179783.0
2023-03-01,nordeste,200825.0,7791481.0,63,0,0,1,12,0,1,0,0,0,0,0,0,0,0,0,0,0,0,0.8660254037844402,-0.49999999999999745,25.77494573881397,8.960786236327861,183854.66666666666
2023-04-01,nordeste,174083.0,7058523.0,64,0,0,1,13,0,0,1,0,0,0,0,0,0,0,0,1,0,0,-0.866025403784443,-0.49999999999999234,24.662808352398937,8.861991101801626,186276.83333333334
2023-05-01,nordeste,237858.0,8297202.0,65,0,0,1,14,0,0,0,1,0,0,0,0,0,0,0,1,0,0,0.5000000000000081,0.8660254037844339,28.667254334654018,9.023673628517134,190858.66666666666
2023-06-01,nordeste,170690.0,6078086.0,66,0,0,1,15,0,0,0,0,1,0,0,0,0,0,0,1,0,0,-0.866025403784442,0.49999999999999406,28.0828537141462,8.712445122767884,195385.0
2023-07-01,nordeste,205880.0,7206695.0,67,0,0,1,16,0,0,0,0,0,1,0,0,0,0,0,0,1,0,0.500000000000025,-0.8660254037844242,28.567880283541903,8.882765734062227,197517.33333333334
2023-08-01,nordeste,233414.0,8272703.0,68,0,0,1,17,0,0,0,0,0,0,1,0,0,0,0,0,1,0,-0.8660254037844386,0.5,28.21496190543768,9.020716578630378,199831.27272727274
2023-09-01,nordeste,202595.0,6526763.0,69,0,0,1,18,0,0,0,0,0,0,0,1,0,0,0,0,1,0,0.8660254037844304,0.5000000000000144,31.0406552221982,8.783666387266607,203143.4
2023-10-01,nordeste,219452.0,7170517.0,70,0,0,1,19,0,0,0,0,0,0,0,0,1,0,0,0,0,1,-0.5000000000000107,-0.8660254037844325,30.604766713474078,8.877733036991364,203401.0
2023-11-01,nordeste,214741.0,7075563.0,71,0,0,1,20,0,0,0,0,0,0,0,0,0,1,0,0,0,1,0.5000000000000012,0.8660254037844379,30.34966970119551,8.86440229531717,207065.75
2023-12-01,nordeste,171896.0,5663951.0,72,0,0,1,21,0,0,0,0,0,0,0,0,0,0,1,0,0,1,-1.963148762455295e-15,-1.0,30.349132610787063,8.64187698420619,202666.85714285713
2018-01-01,norte,9693.0,1150248.0,1,0,0,0,0,0,0,0,0,0,0,0,0,0,0,0,0,0,0,0.49999999999999994,0.8660254037844387,8.426878377532496,7.047732850281621,10978.666666666666
2018-02-01,norte,9299.0,1027506.0,2,0,0,0,0,1,0,0,0,0,0,0,0,0,0,0,0,0,0,1.2246467991473532e-16,-1.0,9.050068807384093,6.934889785769399,11089.57142857143
2018-03-01,norte,11122.0,1282624.0,3,0,0,0,0,0,1,0,0,0,0,0,0,0,0,0,0,0,0,0.4999999999999998,-0.8660254037844388,8.67128636295594,7.156663258530963,11601.375
2018-04-01,norte,11960.0,1328363.0,4,0,0,0,0,0,0,1,0,0,0,0,0,0,0,0,1,0,0,-0.8660254037844392,0.4999999999999991,9.003563032092885,7.19170263605838,11817.888888888889
2018-05-01,norte,12189.0,1362369.0,5,0,0,0,0,0,0,0,1,0,0,0,0,0,0,0,1,0,0,0.8660254037844384,-0.5000000000000006,8.946915263045474,7.21698037512601,12077.9
2018-06-01,norte,11609.0,1178144.0,6,0,0,0,0,0,0,0,0,1,0,0,0,0,0,0,1,0,0,-0.8660254037844384,0.5000000000000004,9.85363419072711,7.071695597827286,12019.818181818182
2018-07-01,norte,11755.0,1154150.0,7,0,0,0,0,0,0,0,0,0,1,0,0,0,0,0,0,1,0,0.8660254037844377,0.5000000000000017,10.184984620716545,7.051119421290007,11725.916666666666
2018-08-01,norte,15184.0,1388006.0,8,0,0,0,0,0,0,0,0,0,0,1,0,0,0,0,0,1,0,-0.8660254037844385,0.5000000000000002,10.939433979392021,7.235623463823977,12054.333333333334
2018-09-01,norte,13550.0,1218094.0,9,0,0,0,0,0,0,0,0,0,0,0,1,0,0,0,0,1,0,0.8660254037844404,-0.499999999999997,11.123936247941456,7.105042620989817,12583.666666666666
2018-10-01,norte,14418.0,1371236.0,10,0,0,0,0,0,0,0,0,0,0,0,0,1,0,0,0,0,1,-1.0,-2.939771298590236e-15,10.514601425283466,7.223467801874604,12517.333333333334
2018-11-01,norte,11439.0,1085473.0,11,0,0,0,0,0,0,0,0,0,0,0,0,0,1,0,0,0,1,0.5000000000000007,-0.8660254037844383,10.538263042931515,6.989771115678738,12658.583333333334
2018-12-01,norte,8493.0,840172.0,12,0,0,0,0,0,0,0,0,0,0,0,0,0,0,1,0,0,1,-0.49999999999999767,0.86602540378444,10.108644420428197,6.733606632781264,12936.833333333334
2019-01-01,norte,13634.0,1456296.0,13,0,0,0,0,0,0,0,0,0,0,0,0,0,0,0,0,0,0,-1.4695761589768238e-15,1.0,9.362107703378983,7.2836515047979535,13080.666666666666
2019-02-01,norte,15651.0,1528776.0,14,0,0,0,0,1,0,0,0,0,0,0,0,0,0,0,0,0,0,-0.8660254037844389,0.49999999999999956,10.23760184618283,7.332222694215712,13364.25
2019-03-01,norte,10326.0,1033212.0,15,0,0,0,0,0,1,0,0,0,0,0,0,0,0,0,0,0,0,0.4999999999999949,0.8660254037844416,9.994076723847575,6.940427675556097,13429.833333333334
2019-04-01,norte,13655.0,1382635.0,16,0,0,0,0,0,0,1,0,0,0,0,0,0,0,0,1,0,0,-0.4999999999999979,-0.8660254037844398,9.876069967851242,7.231746377815375,13540.833333333334
2019-05-01,norte,15528.0,1478419.0,17,0,0,0,0,0,0,0,1,0,0,0,0,0,0,0,1,0,0,-1.959434878635765e-15,1.0,10.503111770073302,7.2987285525364385,13670.666666666666
2019-06-01,norte,13335.0,1238816.0,18,0,0,0,0,0,0,0,0,1,0,0,0,0,0,0,1,0,0,-1.0,-3.919488737908119e-15,10.764310438354041,7.121911363740535,13851.333333333334
2019-07-01,norte,15158.0,1358503.0,19,0,0,0,0,0,0,0,0,0,1,0,0,0,0,0,0,1,0,0.8660254037844369,0.500000000000003,11.157870096716753,7.214138637181962,14034.5
2019-08-01,norte,15971.0,1367025.0,20,0,0,0,0,0,0,0,0,0,0,1,0,0,0,0,0,1,0,-1.0,-4.164418097737589e-15,11.683034326365648,7.2203921247791065,14047.083333333334
2019-09-01,norte,14882.0,1285697.0,21,0,0,0,0,0,0,0,0,0,0,0,1,0,0,0,0,1,0,-2.4492935982947065e-15,1.0,11.57504450893173,7.159056262728221,13819.416666666666
2019-10-01,norte,15976.0,1397004.0,22,0,0,0,0,0,0,0,0,0,0,0,0,1,0,0,0,0,1,-0.8660254037844394,0.4999999999999987,11.435901400425482,7.242085222531316,14143.416666666666
2019-11-01,norte,13607.0,1201832.0,23,0,0,0,0,0,0,0,0,0,0,0,0,0,1,0,0,0,1,1.0,9.790984586812941e-16,11.321881926924895,7.09160233827192,13942.583333333334
2019-12-01,norte,10691.0,914188.0,24,0,0,0,0,0,0,0,0,0,0,0,0,0,0,1,0,0,1,-0.8660254037844359,0.5000000000000047,11.694531103011634,6.81803623958091,13718.25
2020-01-01,norte,13785.0,1204616.0,25,0,0,0,0,0,0,0,0,0,0,0,0,0,0,0,0,0,0,1.0,8.329455176111767e-15,11.44348074407114,7.09391612293881,13804.333333333334
2020-02-01,norte,12919.0,1101599.0,26,0,0,0,0,1,0,0,0,0,0,0,0,0,0,0,0,0,0,-0.500000000000003,-0.8660254037844369,11.72749793708963,7.004518039643518,13937.083333333334
2020-03-01,norte,14214.0,1138840.0,27,0,0,0,0,0,1,0,0,0,0,0,0,0,0,0,0,0,0,0.8660254037844379,-0.5000000000000012,12.481121140809947,7.037765479479684,13880.25
2020-04-01,norte,11245.0,685182.0,28,1,1,0,0,0,0,1,0,0,0,0,0,0,0,0,1,0,0,-0.8660254037844382,-0.5000000000000009,16.411697913838953,6.529684496402633,14010.666666666666
2020-05-01,norte,12836.0,859343.0,29,1,2,0,0,0,0,0,1,0,0,0,0,0,0,0,1,0,0,0.49999999999999956,0.8660254037844389,14.93699256292307,6.756168143798009,14017.166666666666
2020-06-01,norte,14368.0,1098306.0,30,1,3,0,0,0,0,0,0,1,0,0,0,0,0,0,1,0,0,-1.2379612731767154e-18,-1.0,13.08196440700497,7.001524271767633,14173.916666666666
2020-07-01,norte,16751.0,1352499.0,31,1,4,0,0,0,0,0,0,0,1,0,0,0,0,0,0,1,0,0.8660254037844382,-0.5000000000000009,12.38522172659647,7.209709271348829,14278.0
2020-08-01,norte,15289.0,1332747.0,32,1,5,0,0,0,0,0,0,0,0,1,0,0,0,0,0,1,0,-0.49999999999999617,-0.8660254037844408,11.47179472172888,7.1949975047155315,14167.75
2020-09-01,norte,16447.0,1402621.0,33,1,6,0,0,0,0,0,0,0,0,0,1,0,0,0,0,1,0,-3.91886975727153e-15,1.0,11.725904574364707,7.246097908185224,14272.666666666666
2020-10-01,norte,16054.0,1234488.0,34,1,7,0,0,0,0,0,0,0,0,0,0,1,0,0,0,0,1,-0.8660254037844473,0.4999999999999851,13.00458165652481,7.11841158820336,14671.166666666666
2020-11-01,norte,15488.0,1183965.0,35,1,8,0,0,0,0,0,0,0,0,0,0,0,1,0,0,0,1,0.866025403784443,0.49999999999999234,13.081467779875249,7.0766242541962106,15267.25
2020-12-01,norte,11940.0,1004414.0,36,1,9,0,0,0,0,0,0,0,0,0,0,0,0,1,0,0,1,-0.8660254037844438,0.49999999999999106,11.887528449424241,6.9121595658561406,15893.5
2021-01-01,norte,12462.0,1138470.0,37,1,10,0,0,0,0,0,0,0,0,0,0,0,0,0,0,0,0,1.0,9.79903133508859e-15,10.946269993939234,7.037440534695482,16408.916666666668
2021-02-01,norte,14178.0,1210156.0,38,1,11,0,0,1,0,0,0,0,0,0,0,0,0,0,0,0,0,9.784794780447059e-16,-1.0,11.715844899335291,7.098504555900428,16753.5
2021-03-01,norte,18996.0,1554978.0,39,1,12,0,0,0,1,0,0,0,0,0,0,0,0,0,0,0,0,0.49999999999999745,-0.8660254037844402,12.21625000482322,7.349216676603284,17463.25
2021-04-01,norte,18398.0,1424867.0,40,1,13,0,0,0,0,1,0,0,0,0,0,0,0,0,1,0,0,-0.49999999999999445,0.8660254037844418,12.912082320665718,7.2618337550135905,17972.666666666668
2021-05-01,norte,20351.0,1574816.0,41,1,14,0,0,0,0,0,1,0,0,0,0,0,0,0,1,0,0,0.5000000000000038,-0.8660254037844365,12.922779550118872,7.36189371903829,18411.916666666668
2021-06-01,norte,20553.0,1527610.0,42,1,15,0,0,0,0,0,0,1,0,0,0,0,0,0,1,0,0,1.567919291290565e-14,-1.0,13.454350259555776,7.331459701546222,18976.416666666668
2021-07-01,norte,20886.0,1468927.0,43,1,16,0,0,0,0,0,0,0,1,0,0,0,0,0,0,1,0,1.0,3.4283920569760004e-15,14.218541833596905,7.292287481269943,19661.583333333332
2021-08-01,norte,23806.0,1614303.0,44,1,17,0,0,0,0,0,0,0,0,1,0,0,0,0,0,1,0,-1.0,-1.4208997773292239e-14,14.74692173650176,7.38665856355239,20222.25
2021-09-01,norte,22560.0,1407123.0,45,1,18,0,0,0,0,0,0,0,0,0,1,0,0,0,0,1,0,0.866025403784446,0.49999999999998723,16.032713558089803,7.249302473336124,20918.0
2021-10-01,norte,21325.0,1351771.0,46,1,19,0,0,0,0,0,0,0,0,0,0,1,0,0,0,0,1,-0.5000000000000012,0.8660254037844379,15.775601044851532,7.209170863558493,21648.0
2021-11-01,norte,22262.0,1449905.0,47,1,20,0,0,0,0,0,0,0,0,0,0,0,1,0,0,0,1,1.0,1.8129105491836944e-14,15.354109407168055,7.279253316026892,22165.416666666668
2021-12-01,norte,20162.0,1477637.0,48,1,21,0,0,0,0,0,0,0,0,0,0,0,0,1,0,0,1,-0.49999999999999534,0.8660254037844414,13.644758489398951,7.298199469177908,22950.166666666668
2022-01-01,norte,19190.0,1679679.0,49,1,22,0,0,0,0,0,0,0,0,0,0,0,0,0,0,0,0,-5.878304635907295e-15,1.0,11.424802000858497,7.426357982712262,23442.833333333332
2022-02-01,norte,22527.0,1445120.0,50,1,23,0,0,1,0,0,0,0,0,0,0,0,0,0,0,0,0,-0.5000000000000004,-0.8660254037844384,15.58832484499557,7.275947642081188,23609.416666666668
2022-03-01,norte,27756.0,1687696.0,51,1,24,0,0,0,1,0,0,0,0,0,0,0,0,0,0,0,0,0.866025403784442,0.49999999999999406,16.446089817123465,7.431119564150159,24229.916666666668
2022-04-01,norte,24607.0,1511128.0,52,0,0,1,1,0,0,1,0,0,0,0,0,0,0,0,1,0,0,9.798412354452001e-15,-1.0,16.283862121540995,7.320611670796056,24804.0
2022-05-01,norte,29768.0,1796713.0,53,0,0,1,2,0,0,0,1,0,0,0,0,0,0,0,1,0,0,0.8660254037844455,0.4999999999999881,16.568032846648297,7.493714163399632,25303.75
2022-06-01,norte,26465.0,1708178.0,54,0,0,1,3,0,0,0,0,1,0,0,0,0,0,0,1,0,0,-0.4999999999999877,-0.8660254037844457,15.493116056991719,7.443182584375136,25741.833333333332
2022-07-01,norte,22885.0,1636109.0,55,0,0,1,4,0,0,0,0,0,1,0,0,0,0,0,0,1,0,0.8660254037844396,-0.4999999999999983,13.987454381095636,7.400076140860155,26010.25
2022-08-01,norte,31252.0,1918678.0,56,0,0,1,5,0,0,0,0,0,0,1,0,0,0,0,0,1,0,-1.0,-1.4677192170670588e-15,16.288298505533497,7.559391686201481,26862.25
2022-09-01,norte,29449.0,1569245.0,57,0,0,1,6,0,0,0,0,0,0,0,1,0,0,0,0,1,0,0.8660254037844382,0.5000000000000009,18.766349422811608,7.358349890957102,27197.166666666668
2022-10-01,norte,27322.0,1554405.0,58,0,0,1,7,0,0,0,0,0,0,0,0,1,0,0,0,0,1,-0.8660254037844327,-0.5000000000000102,17.577143665904316,7.348848114733301,27810.333333333332
2022-11-01,norte,27519.0,1634686.0,59,0,0,1,8,0,0,0,0,0,0,0,0,0,1,0,0,0,1,0.8660254037844416,0.4999999999999949,16.83442569398649,7.399206015957933,28241.666666666668
2022-12-01,norte,23383.0,1437691.0,60,0,0,1,9,0,0,0,0,0,0,0,0,0,0,1,0,0,1,-0.8660254037844362,-0.5000000000000042,16.26427375562621,7.270793633410344,28807.166666666668
2023-01-01,norte,29414.0,1670850.0,61,0,0,1,10,0,0,0,0,0,0,0,0,0,0,0,0,0,0,0.49999999999999617,0.8660254037844408,17.604213424304994,7.421087757959309,29363.25
2023-02-01,norte,26546.0,1477581.0,62,0,0,1,11,1,0,0,0,0,0,0,0,0,0,0,0,0,0,-1.0,-9.307934654156473e-15,17.965850941505067,7.2981615701125895,30261.5
2023-03-01,norte,35114.0,2057619.0,63,0,0,1,12,0,1,0,0,0,0,0,0,0,0,0,0,0,0,-1.469823751231459e-14,1.0,17.065355636782126,7.6293047680597645,31158.25
2023-04-01,norte,29783.0,1706925.0,64,0,0,1,13,0,0,1,0,0,0,0,0,0,0,0,1,0,0,-1.0,-2.447436656384941e-15,17.448335457035313,7.442448785098087,31809.25
2023-05-01,norte,36554.0,1958329.0,65,0,0,1,14,0,0,0,1,0,0,0,0,0,0,0,1,0,0,1.0,1.322804237270118e-14,18.665913643723805,7.579846837575844,32989.5
2023-06-01,norte,33138.0,1763434.0,66,0,0,1,15,0,0,0,0,1,0,0,0,0,0,0,1,0,0,-0.8660254037844323,-0.500000000000011,18.79174383617419,7.47501832340161,34017.5
2023-07-01,norte,33664.0,1734718.0,67,0,0,1,16,0,0,0,0,0,1,0,0,0,0,0,0,1,0,1.0,6.367544374929648e-15,19.406036024299052,7.458600143147494,34812.833333333336
2023-08-01,norte,42013.0,2034596.0,68,0,0,1,17,0,0,0,0,0,0,1,0,0,0,0,0,1,0,-0.8660254037844215,-0.5000000000000298,20.649308265621283,7.618052552369314,35303.63636363636
2023-09-01,norte,37261.0,1715103.0,69,0,0,1,18,0,0,0,0,0,0,0,1,0,0,0,0,1,0,1.0,-4.92953622841883e-16,21.725225831917967,7.44722841610565,36179.4
2023-10-01,norte,41485.0,1907955.0,70,0,0,1,19,0,0,0,0,0,0,0,0,1,0,0,0,0,1,-0.8660254037844353,0.500000000000006,21.74317528453239,7.553787266824443,36297.77777777778
2023-11-01,norte,39855.0,1889197.0,71,0,0,1,20,0,0,0,0,0,0,0,0,0,1,0,0,0,1,0.8660254037844406,-0.4999999999999966,21.09626470929183,7.543907150046955,37112.125
2023-12-01,norte,32927.0,1587093.0,72,0,0,1,21,0,0,0,0,0,0,0,0,0,0,1,0,0,1,-0.5000000000000165,-0.866025403784429,20.746736328620944,7.369659319943645,37191.857142857145
2018-01-01,sudeste,115539.0,6538767.0,1,0,0,0,0,0,0,0,0,0,0,0,0,0,0,0,0,0,0,0.8660254037844387,-0.4999999999999998,17.669845094648576,8.785503894566741,125978.16666666667
2018-02-01,sudeste,109424.0,6017205.0,2,0,0,0,0,1,0,0,0,0,0,0,0,0,0,0,0,0,0,-0.5000000000000004,0.8660254037844384,18.185187308725563,8.702378144774597,127862.28571428571
2018-03-01,sudeste,134063.0,7468502.0,3,0,0,0,0,0,1,0,0,0,0,0,0,0,0,0,0,0,0,0.8660254037844388,0.4999999999999997,17.950453785779263,8.918449722541702,132749.125
2018-04-01,sudeste,129512.0,6915018.0,4,0,0,0,0,0,0,1,0,0,0,0,0,0,0,0,1,0,0,-0.49999999999999917,-0.8660254037844392,18.729090799185194,8.841450847132347,137594.77777777778
2018-05-01,sudeste,132184.0,7310516.0,5,0,0,0,0,0,0,0,1,0,0,0,0,0,0,0,1,0,0,0.8660254037844378,0.5000000000000014,18.081350208384745,8.897069138487886,146744.7
2018-06-01,sudeste,135147.0,6908387.0,6,0,0,0,0,0,0,0,0,1,0,0,0,0,0,0,1,0,0,-1.0,-2.4499125789312946e-15,19.56274308315385,8.84049145970087,147975.18181818182
2018-07-01,sudeste,139167.0,7368932.0,7,0,0,0,0,0,0,0,0,0,1,0,0,0,0,0,0,1,0,-7.347880794884119e-16,1.0,18.885640415734603,8.905028062878038,145335.33333333334
2018-08-01,sudeste,166957.0,8435105.0,8,0,0,0,0,0,0,0,0,0,0,1,0,0,0,0,0,1,0,-0.4999999999999987,-0.8660254037844394,19.793114608531845,9.04015744303537,147901.33333333334
2018-09-01,sudeste,176360.0,8925152.0,9,0,0,0,0,0,0,0,0,0,0,0,1,0,0,0,0,1,0,-9.797174393178826e-16,1.0,19.759887562699213,9.096628637315142,152063.58333333334
2018-10-01,sudeste,229094.0,11264796.0,10,0,0,0,0,0,0,0,0,0,0,0,0,1,0,0,0,0,1,-0.8660254037844404,0.49999999999999695,20.337163673447794,9.329437743514621,152120.5
2018-11-01,sudeste,160280.0,7768629.0,11,0,0,0,0,0,0,0,0,0,0,0,0,0,1,0,0,0,1,0.8660254037844374,0.5000000000000021,20.63169704718812,8.957848979916488,154333.0
2018-12-01,sudeste,116297.0,5752067.0,12,0,0,0,0,0,0,0,0,0,0,0,0,0,0,1,0,0,1,-0.4999999999999983,-0.8660254037844396,20.218297179083624,8.657314547455435,158253.83333333334
2019-01-01,sudeste,146331.0,7450490.0,13,0,0,0,0,0,0,0,0,0,0,0,0,0,0,0,0,0,0,1.0,-2.45548340466059e-16,19.640453178247334,8.916035081022814,159609.83333333334
2019-02-01,sudeste,159371.0,7860514.0,14,0,0,0,0,1,0,0,0,0,0,0,0,0,0,0,0,0,0,-1.0,-3.4296300182491773e-15,20.274882787563254,8.969607277687167,163247.66666666666
2019-03-01,sudeste,134746.0,6597336.0,15,0,0,0,0,0,1,0,0,0,0,0,0,0,0,0,0,0,0,0.5000000000000011,-0.866025403784438,20.424304598098384,8.794421210167796,166594.5
2019-04-01,sudeste,156062.0,7949408.0,16,0,0,0,0,0,0,1,0,0,0,0,0,0,0,0,1,0,0,-0.4999999999999981,0.8660254037844397,19.631902149191486,8.980852739466886,167371.75
2019-05-01,sudeste,179234.0,8973360.0,17,0,0,0,0,0,0,0,1,0,0,0,0,0,0,0,1,0,0,0.8660254037844373,-0.5000000000000023,19.974011964303227,9.102015466854342,165322.66666666666
2019-06-01,sudeste,151419.0,7287438.0,18,0,0,0,0,0,0,0,0,1,0,0,0,0,0,0,1,0,0,-0.8660254037844353,-0.5000000000000059,20.77808414973822,8.89390732290386,166886.91666666666
2019-07-01,sudeste,182821.0,8278920.0,19,0,0,0,0,0,0,0,0,0,1,0,0,0,0,0,0,1,0,0.5000000000000007,0.8660254037844383,22.082711271518505,9.02146780408934,169093.5
2019-08-01,sudeste,207119.0,8595027.0,20,0,0,0,0,0,0,0,0,0,0,1,0,0,0,0,0,1,0,-0.5000000000000036,-0.8660254037844366,24.09753919330329,9.058939059173271,170613.75
2019-09-01,sudeste,185687.0,7576341.0,21,0,0,0,0,0,0,0,0,0,0,0,1,0,0,0,0,1,0,0.8660254037844368,0.5000000000000032,24.508796528561742,8.93278564441263,171136.5
2019-10-01,sudeste,204505.0,8309339.0,22,0,0,0,0,0,0,0,0,0,0,0,0,1,0,0,0,0,1,-0.500000000000011,0.8660254037844323,24.61146428133453,9.02513534196619,174336.41666666666
2019-11-01,sudeste,179051.0,7282556.0,23,0,0,0,0,0,0,0,0,0,0,0,0,0,1,0,0,0,1,0.5000000000000063,0.8660254037844349,24.586285364643953,8.893237178471034,172040.66666666666
2019-12-01,sudeste,142776.0,5752788.0,24,0,0,0,0,0,0,0,0,0,0,0,0,0,0,1,0,0,1,-1.0,2.4511505402044715e-15,24.81857492401945,8.65743988584535,169136.75
2020-01-01,sudeste,164574.0,6776530.0,25,0,0,0,0,0,0,0,0,0,0,0,0,0,0,0,0,0,0,0.5,0.8660254037844386,24.285880826912887,8.82122045051039,171223.83333333334
2020-02-01,sudeste,165644.0,6582600.0,26,0,0,0,0,1,0,0,0,0,0,0,0,0,0,0,0,0,0,-0.5000000000000114,0.866025403784432,25.163916993285326,8.7921850830515,172337.25
2020-03-01,sudeste,173145.0,6880528.0,27,0,0,0,0,0,1,0,0,0,0,0,0,0,0,0,0,0,0,0.8660254037844365,0.5000000000000038,25.164493190057506,8.836450672168752,171780.91666666666
2020-04-01,sudeste,128513.0,4068570.0,28,1,1,0,0,0,0,1,0,0,0,0,0,0,0,0,1,0,0,6.859260036498355e-15,-1.0,31.586773731311002,8.311046865346942,174790.33333333334
2020-05-01,sudeste,144387.0,4805259.0,29,1,2,0,0,0,0,0,1,0,0,0,0,0,0,0,1,0,0,0.8660254037844327,0.5000000000000102,30.04770398432218,8.477466222136947,176008.16666666666
2020-06-01,sudeste,176464.0,6146890.0,30,1,3,0,0,0,0,0,0,1,0,0,0,0,0,0,1,0,0,-0.5000000000000026,-0.8660254037844372,28.70785063666342,8.723701541838809,179300.16666666666
2020-07-01,sudeste,196182.0,7294817.0,31,1,4,0,0,0,0,0,0,0,1,0,0,0,0,0,0,1,0,1.0,1.9588158979991767e-15,26.893340847344078,8.894919374967115,183313.41666666666
2020-08-01,sudeste,200443.0,7225193.0,32,1,5,0,0,0,0,0,0,0,0,1,0,0,0,0,0,1,0,-0.5000000000000059,0.8660254037844353,27.74223470570267,8.88532922542662,185426.41666666666
2020-09-01,sudeste,221800.0,7703592.0,33,1,6,0,0,0,0,0,0,0,0,0,1,0,0,0,0,1,0,0.49999999999998684,0.8660254037844463,28.791763634418853,8.949441992574,188876.33333333334
2020-10-01,sudeste,219119.0,7795424.0,34,1,7,0,0,0,0,0,0,0,0,0,0,1,0,0,0,0,1,4.886207583857646e-16,-1.0,28.10866990685818,8.961292173854792,193607.33333333334
2020-11-01,sudeste,218555.0,7936567.0,35,1,8,0,0,0,0,0,0,0,0,0,0,0,1,0,0,0,1,0.499999999999997,-0.8660254037844404,27.537725064250072,8.979236092985104,200325.58333333334
2020-12-01,sudeste,190935.0,7047345.0,36,1,9,0,0,0,0,0,0,0,0,0,0,0,0,1,0,0,1,-0.4999999999999957,-0.866025403784441,27.093181900417818,8.860406229131648,207430.83333333334
2021-01-01,sudeste,189930.0,7403167.0,37,1,10,0,0,0,0,0,0,0,0,0,0,0,0,0,0,0,0,-4.408728476930472e-15,1.0,25.655236468392513,8.909663160610922,211711.08333333334
2021-02-01,sudeste,207043.0,7590565.0,38,1,11,0,0,1,0,0,0,0,0,0,0,0,0,0,0,0,0,-1.0,-6.368782336202825e-15,27.276362168033607,8.934661307671853,214983.66666666666
2021-03-01,sudeste,229917.0,8773414.0,39,1,12,0,0,0,1,0,0,0,0,0,0,0,0,0,0,0,0,0.8660254037844428,0.4999999999999928,26.2061040320222,9.07948129125775,221396.16666666666
2021-04-01,sudeste,209132.0,7410168.0,40,1,13,0,0,0,0,1,0,0,0,0,0,0,0,0,1,0,0,-0.866025403784444,0.4999999999999907,28.22230211244873,8.910608390097902,224775.08333333334
2021-05-01,sudeste,229650.0,8682316.0,41,1,14,0,0,0,0,0,1,0,0,0,0,0,0,0,1,0,0,0.499999999999986,0.8660254037844467,26.450315791316513,9.069043592340694,227278.66666666666
2021-06-01,sudeste,227827.0,8574074.0,42,1,15,0,0,0,0,0,0,1,0,0,0,0,0,0,1,0,0,-0.5000000000000012,-0.8660254037844379,26.571615780316336,9.056498277864788,230792.91666666666
2021-07-01,sudeste,235453.0,8369728.0,43,1,16,0,0,0,0,0,0,0,1,0,0,0,0,0,0,1,0,0.4999999999999979,-0.8660254037844398,28.131499613846472,9.032376665942339,234189.91666666666
2021-08-01,sudeste,277393.0,9432523.0,44,1,17,0,0,0,0,0,0,0,0,1,0,0,0,0,0,1,0,-0.5000000000000072,0.8660254037844345,29.40814456535118,9.151918890213441,234610.25
2021-09-01,sudeste,262347.0,8733903.0,45,1,18,0,0,0,0,0,0,0,0,0,1,0,0,0,0,1,0,0.8660254037844426,-0.4999999999999932,30.03777349027119,9.074967627961392,237378.08333333334
2021-10-01,sudeste,249162.0,8310689.0,46,1,19,0,0,0,0,0,0,0,0,0,0,1,0,0,0,0,1,1.9581969173625882e-15,-1.0,29.98090772016616,9.025297796566502,243042.16666666666
2021-11-01,sudeste,260726.0,8964902.0,47,1,20,0,0,0,0,0,0,0,0,0,0,0,1,0,0,0,1,0.4999999999999792,0.8660254037844506,29.082972686148715,9.101072454579597,247228.58333333334
2021-12-01,sudeste,231699.0,8541684.0,48,1,21,0,0,0,0,0,0,0,0,0,0,0,0,1,0,0,1,-0.8660254037844445,0.4999999999999898,27.125681540080386,9.052713457038834,253614.91666666666
2022-01-01,sudeste,194974.0,9510501.0,49,1,22,0,0,0,0,0,0,0,0,0,0,0,0,0,0,0,0,0.8660254037844386,0.5,20.50091788014112,9.160151835539834,257764.16666666666
2022-02-01,sudeste,240257.0,8748954.0,50,1,23,0,0,1,0,0,0,0,0,0,0,0,0,0,0,0,0,-0.4999999999999894,0.8660254037844448,27.461225650517765,9.0766894293487,262097.08333333334
2022-03-01,sudeste,297886.0,10384141.0,51,1,24,0,0,0,1,0,0,0,0,0,0,0,0,0,0,0,0,9.82193361864236e-16,1.0,28.686628966228405,9.248035017434118,268141.25
2022-04-01,sudeste,259369.0,9050905.0,52,0,0,1,1,0,0,1,0,0,0,0,0,0,0,0,1,0,0,-0.49999999999998174,-0.8660254037844491,28.656692341815543,9.110620031694305,273364.0833333333
2022-05-01,sudeste,306286.0,11302096.0,53,0,0,1,2,0,0,0,1,0,0,0,0,0,0,0,1,0,0,7.842691359635767e-15,1.0,27.09992907510253,9.332743474225559,278914.3333333333
2022-06-01,sudeste,277618.0,10907016.0,54,0,0,1,3,0,0,0,0,1,0,0,0,0,0,0,1,0,0,-0.8660254037844402,-0.49999999999999745,25.453157857291124,9.2971615308755,282519.8333333333
2022-07-01,sudeste,287448.0,11278206.0,55,0,0,1,4,0,0,0,0,0,1,0,0,0,0,0,0,1,0,0.49999999999997835,0.8660254037844511,25.487032246085946,9.330627469850251,285952.4166666667
2022-08-01,sudeste,349923.0,12984573.0,56,0,0,1,5,0,0,0,0,0,0,1,0,0,0,0,0,1,0,-3.92258364109106e-15,-1.0,26.949134176379925,9.47151723945912,298295.0833333333
2022-09-01,sudeste,325021.0,10925828.0,57,0,0,1,6,0,0,0,0,0,0,0,1,0,0,0,0,1,0,1.0,1.2248324933383297e-14,29.74795136807938,9.298884806565598,304374.6666666667
2022-10-01,sudeste,315765.0,10823973.0,58,0,0,1,7,0,0,0,0,0,0,0,0,1,0,0,0,0,1,-0.49999999999999023,0.8660254037844443,29.17274461050485,9.28951867539075,314445.0
2022-11-01,sudeste,303992.0,10690108.0,59,0,0,1,8,0,0,0,0,0,0,0,0,0,1,0,0,0,1,0.49999999999999956,-0.8660254037844389,28.436756672617342,9.277074106867964,320979.75
2022-12-01,sudeste,272890.0,9515813.0,60,0,0,1,9,0,0,0,0,0,0,0,0,0,0,1,0,0,1,-0.4999999999999809,-0.8660254037844497,28.67752865677373,9.160710220115849,329750.4166666667
2023-01-01,sudeste,343086.0,11509756.0,61,0,0,1,10,0,0,0,0,0,0,0,0,0,0,0,0,0,0,0.4999999999999936,-0.8660254037844424,29.80827743003414,9.350950302533798,338127.5833333333
2023-02-01,sudeste,313212.0,10197682.0,62,0,0,1,11,1,0,0,0,0,0,0,0,0,0,0,0,0,0,3.917631795998353e-15,-1.0,30.714038739391953,9.229915718544094,346203.0
2023-03-01,sudeste,418730.0,14237576.0,63,0,0,1,12,0,1,0,0,0,0,0,0,0,0,0,0,0,0,1.0,2.008854037047271e-14,29.41020297275323,9.563639945756993,355985.0
2023-04-01,sudeste,337786.0,11611814.0,64,0,0,1,13,0,0,1,0,0,0,0,0,0,0,0,1,0,0,-0.499999999999997,0.8660254037844404,29.089856244683215,9.359778307103728,362155.0833333333
2023-05-01,sudeste,411534.0,13846474.0,65,0,0,1,14,0,0,0,1,0,0,0,0,0,0,0,1,0,0,-7.83773951454306e-15,1.0,29.721212779513397,9.535785894365718,371240.4166666667
2023-06-01,sudeste,378144.0,12390358.0,66,0,0,1,15,0,0,0,0,1,0,0,0,0,0,0,1,0,0,-1.0,4.41306134138659e-15,30.519215021874267,9.42467386847533,378403.3333333333
2023-07-01,sudeste,384353.0,12320884.0,67,0,0,1,16,0,0,0,0,0,1,0,0,0,0,0,0,1,0,-9.772415167715292e-16,1.0,31.195245406092614,9.419050987760123,384444.0
2023-08-01,sudeste,467307.0,14419268.0,68,0,0,1,17,0,0,0,0,0,0,1,0,0,0,0,0,1,0,-0.5000000000000098,0.866025403784433,32.408510612327895,9.57632064672106,388203.8181818182
2023-09-01,sudeste,399062.0,12036727.0,69,0,0,1,18,0,0,0,0,0,0,0,1,0,0,0,0,1,0,0.8660254037844298,-0.5000000000000153,33.153697014146786,9.395717838052754,395703.0
2023-10-01,sudeste,424789.0,13026851.0,70,0,0,1,19,0,0,0,0,0,0,0,0,1,0,0,0,0,1,-0.5000000000000284,0.8660254037844223,32.608724856068434,9.474767967849086,393144.44444444444
2023-11-01,sudeste,389947.0,12048175.0,71,0,0,1,20,0,0,0,0,0,0,0,0,0,1,0,0,0,1,0.5000000000000131,-0.866025403784431,32.36564873933189,9.396668475166589,400064.25
2023-12-01,sudeste,345378.0,10649172.0,72,0,0,1,21,0,0,0,0,0,0,0,0,0,0,1,0,0,1,-0.8660254037844318,0.5000000000000119,32.43238065832724,9.273237421636283,398425.71428571426
2018-01-01,sul,84754.0,3323595.0,1,0,0,0,0,0,0,0,0,0,0,0,0,0,0,0,0,0,0,0.49999999999999994,-0.8660254037844387,25.500700295914513,8.108802307396868,90171.33333333333
2018-02-01,sul,82272.0,3127761.0,2,0,0,0,0,1,0,0,0,0,0,0,0,0,0,0,0,0,0,-0.8660254037844385,-0.5000000000000004,26.303800066565188,8.048072692096449,90729.14285714286
2018-03-01,sul,93063.0,3799601.0,3,0,0,0,0,0,1,0,0,0,0,0,0,0,0,0,0,0,0,-2.4492935982947064e-16,1.0,24.49283490555982,8.242651340201592,92208.625
2018-04-01,sul,97726.0,3954977.0,4,0,0,0,0,0,0,1,0,0,0,0,0,0,0,0,1,0,0,3.6739403974420594e-16,-1.0,24.70962536571009,8.28273006476133,92074.33333333333
2018-05-01,sul,94476.0,3950949.0,5,0,0,0,0,0,0,0,1,0,0,0,0,0,0,0,1,0,0,-4.898587196589413e-16,1.0,23.91222969468854,8.281711082203556,93795.3
2018-06-01,sul,88737.0,3629643.0,6,0,0,0,0,0,0,0,0,1,0,0,0,0,0,0,1,0,0,6.123233995736766e-16,-1.0,24.447858921662544,8.196889575315065,93649.63636363637
2018-07-01,sul,94076.0,3895748.0,7,0,0,0,0,0,0,0,0,0,1,0,0,0,0,0,0,1,0,1.0,-9.803364199544708e-16,24.14837920727932,8.267640980945627,91623.16666666667
2018-08-01,sul,102565.0,4238054.0,8,0,0,0,0,0,0,0,0,0,0,1,0,0,0,0,0,1,0,-0.5000000000000003,0.8660254037844385,24.200965820633716,8.351859480606436,91460.5
2018-09-01,sul,91000.0,3627309.0,9,0,0,0,0,0,0,0,0,0,0,0,1,0,0,0,0,1,0,0.5000000000000004,-0.8660254037844384,25.08746842356138,8.196246330029584,92109.5
2018-10-01,sul,109284.0,4475717.0,10,0,0,0,0,0,0,0,0,0,0,0,0,1,0,0,0,0,1,1.102182119232618e-15,-1.0,24.41709339531521,8.406421841338235,91761.83333333333
2018-11-01,sul,92193.0,3724671.0,11,0,0,0,0,0,0,0,0,0,0,0,0,0,1,0,0,0,1,0.8660254037844405,-0.49999999999999684,24.751984806174825,8.222733804765378,93071.08333333333
2018-12-01,sul,69332.0,2857177.0,12,0,0,0,0,0,0,0,0,0,0,0,0,0,0,1,0,0,1,-0.8660254037844392,-0.49999999999999917,24.26591002237523,7.957589353409414,94974.66666666667
2019-01-01,sul,82802.0,3499191.0,13,0,0,0,0,0,0,0,0,0,0,0,0,0,0,0,0,0,0,0.8660254037844373,0.5000000000000023,23.663183861641162,8.160287077902735,95812.25
2019-02-01,sul,90060.0,3707117.0,14,0,0,0,0,1,0,0,0,0,0,0,0,0,0,0,0,0,0,-0.866025403784439,-0.49999999999999933,24.293811066659075,8.218009764562566,97767.75
2019-03-01,sul,88891.0,3492664.0,15,0,0,0,0,0,1,0,0,0,0,0,0,0,0,0,0,0,0,1.0,-6.189806365883577e-19,25.450773392459165,8.158420047795278,99492.5
2019-04-01,sul,113437.0,4279121.0,16,0,0,0,0,0,0,1,0,0,0,0,0,0,0,0,1,0,0,-1.0,-3.674559378078648e-15,26.509416303021112,8.361502893651974,100815.08333333333
2019-05-01,sul,117319.0,4497117.0,17,0,0,0,0,0,0,0,1,0,0,0,0,0,0,0,1,0,0,0.5000000000000009,0.8660254037844382,26.08760234612531,8.41119180377716,101391.58333333333
2019-06-01,sul,98788.0,3818142.0,18,0,0,0,0,0,0,0,0,1,0,0,0,0,0,0,1,0,0,-1.4708141202500005e-15,-1.0,25.873317440786643,8.247519195841328,102366.0
2019-07-01,sul,117542.0,4505515.0,19,0,0,0,0,0,0,0,0,0,1,0,0,0,0,0,0,1,0,0.5000000000000077,-0.8660254037844343,26.08847157317199,8.413057480933782,103495.91666666667
2019-08-01,sul,123262.0,4524409.0,20,0,0,0,0,0,0,0,0,0,0,1,0,0,0,0,0,1,0,-0.8660254037844393,0.49999999999999895,27.24377924276961,8.417242239869287,104761.16666666667
2019-09-01,sul,106871.0,3968920.0,21,0,0,0,0,0,0,0,0,0,0,0,1,0,0,0,0,1,0,1.0,7.839596456452825e-15,26.92697257692269,8.286249296369293,104954.16666666667
2019-10-01,sul,116202.0,4470203.0,22,0,0,0,0,0,0,0,0,0,0,0,0,1,0,0,0,0,1,-0.8660254037844349,-0.5000000000000063,25.994792630222836,8.405189100446682,105247.08333333333
2019-11-01,sul,103886.0,3826879.0,23,0,0,0,0,0,0,0,0,0,0,0,0,0,1,0,0,0,1,0.8660254037844377,-0.5000000000000017,27.146403113346413,8.249804867470935,101827.0
2019-12-01,sul,82891.0,2987363.0,24,0,0,0,0,0,0,0,0,0,0,0,0,0,0,1,0,0,1,-0.8660254037844384,-0.5000000000000004,27.74721384712872,8.002146337447682,99144.25
2020-01-01,sul,97985.0,3417744.0,25,0,0,0,0,0,0,0,0,0,0,0,0,0,0,0,0,0,0,0.5000000000000021,-0.8660254037844374,28.669496603607524,8.136735963269635,98968.58333333333
2020-02-01,sul,92376.0,3255998.0,26,0,0,0,0,1,0,0,0,0,0,0,0,0,0,0,0,0,0,-4.91096680932118e-16,-1.0,28.37102479792678,8.088254112871628,97714.33333333333
2020-03-01,sul,92406.0,3382876.0,27,0,0,0,0,0,1,0,0,0,0,0,0,0,0,0,0,0,0,0.5000000000000084,-0.8660254037844337,27.315810570650537,8.126481514251417,95885.5
2020-04-01,sul,72396.0,2166610.0,28,1,1,0,0,0,0,1,0,0,0,0,0,0,0,0,1,0,0,-0.5000000000000056,0.8660254037844355,33.41441237693909,7.680919013027447,97205.66666666667
2020-05-01,sul,85126.0,2587058.0,29,1,2,0,0,0,0,0,1,0,0,0,0,0,0,0,1,0,0,0.5000000000000026,-0.8660254037844372,32.904557995993905,7.858276601725973,97179.25
2020-06-01,sul,96680.0,3008025.0,30,1,3,0,0,0,0,0,0,1,0,0,0,0,0,0,1,0,0,-0.8660254037844345,-0.5000000000000072,32.14069032006051,8.009038996205406,97947.0
2020-07-01,sul,102491.0,3486533.0,31,1,4,0,0,0,0,0,0,0,1,0,0,0,0,0,0,1,0,-1.0779367755043061e-14,1.0,29.396251232958356,8.156663111695865,98958.58333333333
2020-08-01,sul,101316.0,3500718.0,32,1,5,0,0,0,0,0,0,0,0,1,0,0,0,0,0,1,0,-0.8660254037844365,0.5000000000000038,28.941491431186403,8.160723369295729,99068.08333333333
2020-09-01,sul,122713.0,3950652.0,33,1,6,0,0,0,0,0,0,0,0,0,1,0,0,0,0,1,0,0.8660254037844396,0.4999999999999983,31.061455172462672,8.28163590756486,99927.91666666667
2020-10-01,sul,115885.0,4036029.0,34,1,7,0,0,0,0,0,0,0,0,0,0,1,0,0,0,0,1,-0.8660254037844414,-0.49999999999999534,28.712628179827252,8.303016566779696,102085.66666666667
2020-11-01,sul,113099.0,4298672.0,35,1,8,0,0,0,0,0,0,0,0,0,0,0,1,0,0,0,1,2.941628240500001e-15,1.0,26.310218597743674,8.36606141677232,105567.83333333333
2020-12-01,sul,95030.0,3561154.0,36,1,9,0,0,0,0,0,0,0,0,0,0,0,0,1,0,0,1,-0.8660254037844377,-0.5000000000000017,26.685170031961547,8.17783992862182,107820.16666666667
2021-01-01,sul,99299.0,3712563.0,37,1,10,0,0,0,0,0,0,0,0,0,0,0,0,0,0,0,0,0.4999999999999864,0.8660254037844465,26.746751502937457,8.219477752663941,109552.91666666667
2021-02-01,sul,102694.0,3836443.0,38,1,11,0,0,1,0,0,0,0,0,0,0,0,0,0,0,0,0,-0.4999999999999894,-0.8660254037844448,26.768024443475376,8.252300914215548,111764.41666666667
2021-03-01,sul,118299.0,4561456.0,39,1,12,0,0,0,1,0,0,0,0,0,0,0,0,0,0,0,0,1.0,2.9385333373170594e-15,25.934482323188032,8.425397149789209,115446.41666666667
2021-04-01,sul,114182.0,4053671.0,40,1,13,0,0,0,0,1,0,0,0,0,0,0,0,0,1,0,0,-1.0,4.917156615687063e-16,28.16755479169375,8.307378169303355,116995.33333333333
2021-05-01,sul,112154.0,4506620.0,41,1,14,0,0,0,0,0,1,0,0,0,0,0,0,0,1,0,0,1.0,1.0288890054747531e-14,24.88650030399723,8.413302705845647,118433.58333333333
2021-06-01,sul,117473.0,4610287.0,42,1,15,0,0,0,0,0,0,1,0,0,0,0,0,0,1,0,0,-0.8660254037844406,0.4999999999999966,25.480626260360797,8.436045390018165,120317.25
2021-07-01,sul,129029.0,4717729.0,43,1,16,0,0,0,0,0,0,0,1,0,0,0,0,0,0,1,0,0.866025403784446,-0.49999999999998723,27.349811742047923,8.459082818724855,122606.16666666667
2021-08-01,sul,145500.0,5101313.0,44,1,17,0,0,0,0,0,0,0,0,1,0,0,0,0,0,1,0,8.81869491513412e-15,-1.0,28.522068730148494,8.537253236557993,122753.0
2021-09-01,sul,141300.0,4871021.0,45,1,18,0,0,0,0,0,0,0,0,0,1,0,0,0,0,1,0,0.4999999999999979,0.8660254037844398,29.00829210138901,8.491058845026977,123590.16666666667
2021-10-01,sul,133144.0,4932808.0,46,1,19,0,0,0,0,0,0,0,0,0,0,1,0,0,0,0,1,-0.8660254037844406,-0.4999999999999966,26.991522881085174,8.503663678927522,126492.41666666667
2021-11-01,sul,135703.0,4993821.0,47,1,20,0,0,0,0,0,0,0,0,0,0,0,1,0,0,0,1,0.5000000000000107,-0.8660254037844325,27.174181853935092,8.515956627185728,127712.75
2021-12-01,sul,122497.0,4501708.0,48,1,21,0,0,0,0,0,0,0,0,0,0,0,0,1,0,0,1,-0.866025403784444,-0.4999999999999907,27.21122738302884,8.412212159300978,130602.33333333333
2022-01-01,sul,101061.0,5251388.0,49,1,22,0,0,0,0,0,0,0,0,0,0,0,0,0,0,0,0,1.0,1.1268607494065414e-14,19.244626373065557,8.566247701595564,132504.0
2022-02-01,sul,112740.0,4736730.0,50,1,23,0,0,1,0,0,0,0,0,0,0,0,0,0,0,0,0,1.6658910352223535e-14,-1.0,23.801229962442445,8.463102303199236,134014.83333333334
2022-03-01,sul,153126.0,5665257.0,51,1,24,0,0,0,1,0,0,0,0,0,0,0,0,0,0,0,0,0.8660254037844465,-0.4999999999999864,27.028959145189706,8.642107538717289,136709.41666666666
2022-04-01,sul,128826.0,5072770.0,52,0,0,1,1,0,0,1,0,0,0,0,0,0,0,0,1,0,0,-0.8660254037844519,0.4999999999999771,25.39559254608429,8.531642298474628,139011.5
2022-05-01,sul,146829.0,6291774.0,53,0,0,1,2,0,0,0,1,0,0,0,0,0,0,0,1,0,0,0.499999999999997,0.8660254037844404,23.336661488476857,8.74699834490625,141699.91666666666
2022-06-01,sul,140293.0,5884884.0,54,0,0,1,3,0,0,0,0,1,0,0,0,0,0,0,1,0,0,-0.8660254037844485,0.499999999999983,23.839552317428858,8.680142308370119,143787.91666666666
2022-07-01,sul,147159.0,5670166.0,55,0,0,1,4,0,0,0,0,0,1,0,0,0,0,0,0,1,0,-1.371852007299671e-14,1.0,25.953208424585807,8.642973673189182,145227.25
2022-08-01,sul,177835.0,6446181.0,56,0,0,1,5,0,0,0,0,0,0,1,0,0,0,0,0,1,0,-0.8660254037844436,-0.4999999999999915,27.587652285903857,8.771243141410267,150562.83333333334
2022-09-01,sul,168925.0,5776479.0,57,0,0,1,6,0,0,0,0,0,0,0,1,0,0,0,0,1,0,-6.858022075225178e-15,1.0,29.243592853016516,8.661549606497093,154360.25
2022-10-01,sul,165405.0,5938846.0,58,0,0,1,7,0,0,0,0,0,0,0,0,1,0,0,0,0,1,-1.0,5.392778780704473e-15,27.851370451431137,8.68927011738837,159536.5
2022-11-01,sul,160759.0,6053194.0,59,0,0,1,8,0,0,0,0,0,0,0,0,0,1,0,0,0,1,1.0,5.387826935611766e-15,26.55771481964728,8.70834134560112,162872.83333333334
2022-12-01,sul,139769.0,5379526.0,60,0,0,1,9,0,0,0,0,0,0,0,0,0,0,1,0,0,1,-0.5000000000000089,0.8660254037844335,25.98165711997674,8.590355545185217,167440.25
2023-01-01,sul,165088.0,5569906.0,61,0,0,1,10,0,0,0,0,0,0,0,0,0,0,0,0,0,0,0.8660254037844436,-0.4999999999999915,29.63927937024431,8.625133456656844,170977.58333333334
2023-02-01,sul,158309.0,5147652.0,62,0,0,1,11,1,0,0,0,0,0,0,0,0,0,0,0,0,0,-0.8660254037844489,0.4999999999999822,30.753632918464575,8.546295967363498,174607.16666666666
2023-03-01,sul,215241.0,7277040.0,63,0,0,1,12,0,1,0,0,0,0,0,0,0,0,0,0,0,0,0.4999999999999775,0.8660254037844516,29.578097688070972,8.892479465102626,179183.08333333334
2023-04-01,sul,168862.0,6141997.0,64,0,0,1,13,0,0,1,0,0,0,0,0,0,0,0,1,0,0,-0.4999999999999928,-0.8660254037844428,27.49301245181331,8.7229052125604,181627.58333333334
2023-05-01,sul,201638.0,7376729.0,65,0,0,1,14,0,0,0,1,0,0,0,0,0,0,0,1,0,0,0.500000000000031,-0.8660254037844207,27.334337482100807,8.906085594409065,186189.33333333334
2023-06-01,sul,182741.0,6324614.0,66,0,0,1,15,0,0,0,0,1,0,0,0,0,0,0,1,0,0,1.8618345230859297e-14,-1.0,28.89362101782022,8.752204284065472,189925.91666666666
2023-07-01,sul,190714.0,6265292.0,67,0,0,1,16,0,0,0,0,0,1,0,0,0,0,0,0,1,0,0.8660254037844269,0.5000000000000203,30.439762424480776,8.742780474384507,192736.08333333334
2023-08-01,sul,232746.0,7448532.0,68,0,0,1,17,0,0,0,0,0,0,1,0,0,0,0,0,1,0,1.1757847233087767e-14,-1.0,31.247230998000678,8.915772244977433,195249.54545454544
2023-09-01,sul,198259.0,6122598.0,69,0,0,1,18,0,0,0,0,0,0,0,1,0,0,0,0,1,0,0.5000000000000191,-0.8660254037844276,32.381515167254165,8.7197417952315,198943.6
2023-10-01,sul,220146.0,7046997.0,70,0,0,1,19,0,0,0,0,0,0,0,0,1,0,0,0,0,1,-0.8660254037844249,-0.5000000000000238,31.239689757211476,8.860356847613863,197132.77777777778
2023-11-01,sul,205598.0,6625712.0,71,0,0,1,20,0,0,0,0,0,0,0,0,0,1,0,0,0,1,0.8660254037844337,0.5000000000000084,31.030325495584474,8.798713116777867,200666.625
2023-12-01,sul,173491.0,5590252.0,72,0,0,1,21,0,0,0,0,0,0,0,0,0,0,1,0,0,1,-0.5000000000000225,0.8660254037844257,31.03455801276937,8.628779645633944,200527.85714285713
