date,regiao,mental_health_visits,total_atd,periodo,Pandemia_Step,Pandemia_Trend,PosPandemia_Step,PosPandemia_Trend,month_2,month_3,month_4,month_5,month_6,month_7,month_8,month_9,month_10,month_11,month_12,quarter_2,quarter_3,quarter_4,IR,offset,sin1_12,cos1_12
2016-01-01,sul,38152.0,1491781.0,1,0,0,0,0,0,0,0,0,0,0,0,0,0,0,0,0,0,0,25.574799518159836,7.307725987148228,0.0,1.0
2016-02-01,sul,51908.0,2019943.0,2,0,0,0,0,1,0,0,0,0,0,0,0,0,0,0,0,0,0,25.69775483763651,7.610824572175338,0.49999999999999994,0.8660254037844387
2016-03-01,sul,62072.0,2652117.0,3,0,0,0,0,0,1,0,0,0,0,0,0,0,0,0,0,0,0,23.40469896313021,7.8831134679796575,0.8660254037844386,0.5000000000000001
2016-04-01,sul,52677.0,2126983.0,4,0,0,0,0,0,0,1,0,0,0,0,0,0,0,0,1,0,0,24.766065361124184,7.6624598226906295,1.0,6.123233995736766e-17
2016-05-01,sul,55141.0,2382835.0,5,0,0,0,0,0,0,0,1,0,0,0,0,0,0,0,1,0,0,23.140922472600913,7.776046234248301,0.8660254037844387,-0.4999999999999998
2016-06-01,sul,63802.0,2681087.0,6,0,0,0,0,0,0,0,0,1,0,0,0,0,0,0,1,0,0,23.79706439962597,7.893977588287593,0.49999999999999994,-0.8660254037844387
2016-07-01,sul,62187.0,2506770.0,7,0,0,0,0,0,0,0,0,0,1,0,0,0,0,0,0,1,0,24.807620962433727,7.82675035083037,1.2246467991473532e-16,-1.0
2016-08-01,sul,72404.0,2991575.0,8,0,0,0,0,0,0,0,0,0,0,1,0,0,0,0,0,1,0,24.202635735356793,8.003555283550412,-0.4999999999999997,-0.8660254037844388
2016-09-01,sul,64658.0,2694636.0,9,0,0,0,0,0,0,0,0,0,0,0,1,0,0,0,0,1,0,23.995077628295622,7.899018409285943,-0.8660254037844385,-0.5000000000000004
2016-10-01,sul,56849.0,2345810.0,10,0,0,0,0,0,0,0,0,0,0,0,0,1,0,0,0,0,1,24.23427302296435,7.760386037016335,-1.0,-1.8369701987210297e-16
2016-11-01,sul,55079.0,2157356.0,11,0,0,0,0,0,0,0,0,0,0,0,0,0,1,0,0,0,1,25.53078861346945,7.676638676813539,-0.8660254037844386,0.5000000000000001
2016-12-01,sul,44722.0,1701881.0,12,0,0,0,0,0,0,0,0,0,0,0,0,0,0,1,0,0,1,26.27798300821268,7.4394893889451295,-0.5000000000000004,0.8660254037844384
2017-01-01,sul,52788.0,2078724.0,13,0,0,0,0,0,0,0,0,0,0,0,0,0,0,0,0,0,0,25.394424656664377,7.639509522912381,-2.4492935982947064e-16,1.0
2017-02-01,sul,51054.0,2029607.0,14,0,0,0,0,1,0,0,0,0,0,0,0,0,0,0,0,0,0,25.154623530565278,7.615597457234584,0.5,0.8660254037844386
2017-03-01,sul,67908.0,2784724.0,15,0,0,0,0,0,1,0,0,0,0,0,0,0,0,0,0,0,0,24.385899643914442,7.931904045116492,0.8660254037844384,0.5000000000000004
2017-04-01,sul,64472.0,2605755.0,16,0,0,0,0,0,0,1,0,0,0,0,0,0,0,0,1,0,0,24.74215726344188,7.86547773945094,1.0,1.1943401194869635e-15
2017-05-01,sul,69442.0,2883945.0,17,0,0,0,0,0,0,0,1,0,0,0,0,0,0,0,1,0,0,24.07882258503543,7.966914427487901,0.8660254037844392,-0.4999999999999992
2017-06-01,sul,64161.0,2617493.0,18,0,0,0,0,0,0,0,0,1,0,0,0,0,0,0,1,0,0,24.512386470565538,7.86997226843357,0.4999999999999998,-0.8660254037844388
2017-07-01,sul,66071.0,2747312.0,19,0,0,0,0,0,0,0,0,0,1,0,0,0,0,0,0,1,0,24.04932530415184,7.918378258094948,3.6739403974420594e-16,-1.0
2017-08-01,sul,78334.0,3130846.0,20,0,0,0,0,0,0,0,0,0,0,1,0,0,0,0,0,1,0,25.02007444633176,8.049058534553039,-0.49999999999999917,-0.8660254037844392
2017-09-01,sul,85556.0,3499119.0,21,0,0,0,0,0,0,0,0,0,0,0,1,0,0,0,0,1,0,24.450726025608162,8.160266501506433,-0.8660254037844387,-0.49999999999999983
2017-10-01,sul,96570.0,3766109.0,22,0,0,0,0,0,0,0,0,0,0,0,0,1,0,0,0,0,1,25.641849452578242,8.233797651974035,-1.0,-4.286263797015736e-16
2017-11-01,sul,93940.0,3728902.0,23,0,0,0,0,0,0,0,0,0,0,0,0,0,1,0,0,0,1,25.192402482017496,8.223869099329326,-0.8660254037844392,0.4999999999999991
2017-12-01,sul,75661.0,2883017.0,24,0,0,0,0,0,0,0,0,0,0,0,0,0,0,1,0,0,1,26.243688469405487,7.966592594256467,-0.5000000000000014,0.8660254037844378
2018-01-01,sul,84754.0,3323595.0,25,0,0,0,0,0,0,0,0,0,0,0,0,0,0,0,0,0,0,25.500700295914513,8.108802307396868,-4.898587196589413e-16,1.0
2018-02-01,sul,82272.0,3127761.0,26,0,0,0,0,1,0,0,0,0,0,0,0,0,0,0,0,0,0,26.303800066565188,8.048072692096449,0.5000000000000006,0.8660254037844383
2018-03-01,sul,93063.0,3799601.0,27,0,0,0,0,0,1,0,0,0,0,0,0,0,0,0,0,0,0,24.49283490555982,8.242651340201592,0.8660254037844387,0.49999999999999994
2018-04-01,sul,97726.0,3954977.0,28,0,0,0,0,0,0,1,0,0,0,0,0,0,0,0,1,0,0,24.70962536571009,8.28273006476133,1.0,5.51091059616309e-16
2018-05-01,sul,94476.0,3950949.0,29,0,0,0,0,0,0,0,1,0,0,0,0,0,0,0,1,0,0,23.91222969468854,8.281711082203556,0.8660254037844393,-0.499999999999999
2018-06-01,sul,88737.0,3629643.0,30,0,0,0,0,0,0,0,0,1,0,0,0,0,0,0,1,0,0,24.447858921662544,8.196889575315065,0.5,-0.8660254037844386
2018-07-01,sul,94076.0,3895748.0,31,0,0,0,0,0,0,0,0,0,1,0,0,0,0,0,0,1,0,24.14837920727932,8.267640980945627,2.388680238973927e-15,-1.0
2018-08-01,sul,102565.0,4238054.0,32,0,0,0,0,0,0,0,0,0,0,1,0,0,0,0,0,1,0,24.200965820633716,8.351859480606436,-0.49999999999999895,-0.8660254037844393
2018-09-01,sul,91000.0,3627309.0,33,0,0,0,0,0,0,0,0,0,0,0,1,0,0,0,0,1,0,25.08746842356138,8.196246330029584,-0.8660254037844377,-0.5000000000000016
2018-10-01,sul,109284.0,4475717.0,34,0,0,0,0,0,0,0,0,0,0,0,0,1,0,0,0,0,1,24.41709339531521,8.406421841338235,-1.0,1.1028010998692062e-15
2018-11-01,sul,92193.0,3724671.0,35,0,0,0,0,0,0,0,0,0,0,0,0,0,1,0,0,0,1,24.751984806174825,8.222733804765378,-0.8660254037844384,0.5000000000000004
2018-12-01,sul,69332.0,2857177.0,36,0,0,0,0,0,0,0,0,0,0,0,0,0,0,1,0,0,1,24.26591002237523,7.957589353409414,-0.5000000000000001,0.8660254037844386
2019-01-01,sul,82802.0,3499191.0,37,0,0,0,0,0,0,0,0,0,0,0,0,0,0,0,0,0,0,23.663183861641162,8.160287077902735,-7.347880794884119e-16,1.0
2019-02-01,sul,90060.0,3707117.0,38,0,0,0,0,1,0,0,0,0,0,0,0,0,0,0,0,0,0,24.293811066659075,8.218009764562566,0.49999999999999883,0.8660254037844393
2019-03-01,sul,88891.0,3492664.0,39,0,0,0,0,0,1,0,0,0,0,0,0,0,0,0,0,0,0,25.450773392459165,8.158420047795278,0.8660254037844377,0.5000000000000017
2019-04-01,sul,113437.0,4279121.0,40,0,0,0,0,0,0,1,0,0,0,0,0,0,0,0,1,0,0,26.509416303021112,8.361502893651974,1.0,2.57237725884603e-15
2019-05-01,sul,117319.0,4497117.0,41,0,0,0,0,0,0,0,1,0,0,0,0,0,0,0,1,0,0,26.08760234612531,8.41119180377716,0.8660254037844385,-0.5000000000000003
2019-06-01,sul,98788.0,3818142.0,42,0,0,0,0,0,0,0,0,1,0,0,0,0,0,0,1,0,0,25.873317440786643,8.247519195841328,0.5000000000000033,-0.8660254037844367
2019-07-01,sul,117542.0,4505515.0,43,0,0,0,0,0,0,0,0,0,1,0,0,0,0,0,0,1,0,26.08847157317199,8.413057480933782,8.572527594031472e-16,-1.0
2019-08-01,sul,123262.0,4524409.0,44,0,0,0,0,0,0,0,0,0,0,1,0,0,0,0,0,1,0,27.24377924276961,8.417242239869287,-0.4999999999999987,-0.8660254037844394
2019-09-01,sul,106871.0,3968920.0,45,0,0,0,0,0,0,0,0,0,0,0,1,0,0,0,0,1,0,26.92697257692269,8.286249296369293,-0.8660254037844376,-0.5000000000000018
2019-10-01,sul,116202.0,4470203.0,46,0,0,0,0,0,0,0,0,0,0,0,0,1,0,0,0,0,1,25.994792630222836,8.405189100446682,-1.0,8.578717400397356e-16
2019-11-01,sul,103886.0,3826879.0,47,0,0,0,0,0,0,0,0,0,0,0,0,0,1,0,0,0,1,27.146403113346413,8.249804867470935,-0.8660254037844403,0.4999999999999971
2019-12-01,sul,82891.0,2987363.0,48,0,0,0,0,0,0,0,0,0,0,0,0,0,0,1,0,0,1,27.74721384712872,8.002146337447682,-0.5000000000000003,0.8660254037844385
2020-01-01,sul,97985.0,3417744.0,49,0,0,0,0,0,0,0,0,0,0,0,0,0,0,0,0,0,0,28.669496603607524,8.136735963269635,-9.797174393178826e-16,1.0
2020-02-01,sul,92376.0,3255998.0,50,0,0,0,0,1,0,0,0,0,0,0,0,0,0,0,0,0,0,28.37102479792678,8.088254112871628,0.4999999999999986,0.8660254037844395
2020-03-01,sul,92406.0,3382876.0,51,0,0,0,0,0,1,0,0,0,0,0,0,0,0,0,0,0,0,27.315810570650537,8.126481514251417,0.8660254037844393,0.49999999999999883
2020-04-01,sul,72396.0,2166610.0,52,1,1,0,0,0,0,1,0,0,0,0,0,0,0,0,1,0,0,33.41441237693909,7.680919013027447,1.0,2.8173066186755008e-15
2020-05-01,sul,85126.0,2587058.0,53,1,2,0,0,0,0,0,1,0,0,0,0,0,0,0,1,0,0,32.904557995993905,7.858276601725973,0.8660254037844386,-0.5000000000000001
2020-06-01,sul,96680.0,3008025.0,54,1,3,0,0,0,0,0,0,1,0,0,0,0,0,0,1,0,0,32.14069032006051,8.009038996205406,0.5000000000000004,-0.8660254037844384
2020-07-01,sul,102491.0,3486533.0,55,1,4,0,0,0,0,0,0,0,1,0,0,0,0,0,0,1,0,29.396251232958356,8.156663111695865,1.102182119232618e-15,-1.0
2020-08-01,sul,101316.0,3500718.0,56,1,5,0,0,0,0,0,0,0,0,1,0,0,0,0,0,1,0,28.941491431186403,8.160723369295729,-0.5000000000000016,-0.8660254037844377
2020-09-01,sul,122713.0,3950652.0,57,1,6,0,0,0,0,0,0,0,0,0,1,0,0,0,0,1,0,31.061455172462672,8.28163590756486,-0.8660254037844375,-0.500000000000002
2020-10-01,sul,115885.0,4036029.0,58,1,7,0,0,0,0,0,0,0,0,0,0,1,0,0,0,0,1,28.712628179827252,8.303016566779696,-1.0,-2.939771298590236e-15
2020-11-01,sul,113099.0,4298672.0,59,1,8,0,0,0,0,0,0,0,0,0,0,0,1,0,0,0,1,26.310218597743674,8.36606141677232,-0.8660254037844386,0.5
2020-12-01,sul,95030.0,3561154.0,60,1,9,0,0,0,0,0,0,0,0,0,0,0,0,1,0,0,1,26.685170031961547,8.17783992862182,-0.5000000000000006,0.8660254037844384
2021-01-01,sul,99299.0,3712563.0,61,1,10,0,0,0,0,0,0,0,0,0,0,0,0,0,0,0,0,26.746751502937457,8.219477752663941,-4.777360477947854e-15,1.0
2021-02-01,sul,102694.0,3836443.0,62,1,11,0,0,1,0,0,0,0,0,0,0,0,0,0,0,0,0,26.768024443475376,8.252300914215548,0.4999999999999984,0.8660254037844396
2021-03-01,sul,118299.0,4561456.0,63,1,12,0,0,0,1,0,0,0,0,0,0,0,0,0,0,0,0,25.934482323188032,8.425397149789209,0.8660254037844374,0.5000000000000021
2021-04-01,sul,114182.0,4053671.0,64,1,13,0,0,0,0,1,0,0,0,0,0,0,0,0,1,0,0,28.16755479169375,8.307378169303355,1.0,-4.904777002955296e-16
2021-05-01,sul,112154.0,4506620.0,65,1,14,0,0,0,0,0,1,0,0,0,0,0,0,0,1,0,0,24.88650030399723,8.413302705845647,0.8660254037844405,-0.49999999999999684
2021-06-01,sul,117473.0,4610287.0,66,1,15,0,0,0,0,0,0,1,0,0,0,0,0,0,1,0,0,25.480626260360797,8.436045390018165,0.5000000000000007,-0.8660254037844383
2021-07-01,sul,129029.0,4717729.0,67,1,16,0,0,0,0,0,0,0,1,0,0,0,0,0,0,1,0,27.349811742047923,8.459082818724855,-2.2056021997384123e-15,-1.0
2021-08-01,sul,145500.0,5101313.0,68,1,17,0,0,0,0,0,0,0,0,1,0,0,0,0,0,1,0,28.522068730148494,8.537253236557993,-0.4999999999999983,-0.8660254037844396
2021-09-01,sul,141300.0,4871021.0,69,1,18,0,0,0,0,0,0,0,0,0,1,0,0,0,0,1,0,29.00829210138901,8.491058845026977,-0.8660254037844392,-0.49999999999999917
2021-10-01,sul,133144.0,4932808.0,70,1,19,0,0,0,0,0,0,0,0,0,0,1,0,0,0,0,1,26.991522881085174,8.503663678927522,-1.0,-3.1847006584197066e-15
2021-11-01,sul,135703.0,4993821.0,71,1,20,0,0,0,0,0,0,0,0,0,0,0,1,0,0,0,1,27.174181853935092,8.515956627185728,-0.8660254037844388,0.4999999999999998
2021-12-01,sul,122497.0,4501708.0,72,1,21,0,0,0,0,0,0,0,0,0,0,0,0,1,0,0,1,27.21122738302884,8.412212159300978,-0.49999999999999767,0.86602540378444
2022-01-01,sul,101061.0,5251388.0,73,1,22,0,0,0,0,0,0,0,0,0,0,0,0,0,0,0,0,19.244626373065557,8.566247701595564,-1.4695761589768238e-15,1.0
2022-02-01,sul,112740.0,4736730.0,74,1,23,0,0,1,0,0,0,0,0,0,0,0,0,0,0,0,0,23.801229962442445,8.463102303199236,0.4999999999999951,0.8660254037844415
2022-03-01,sul,153126.0,5665257.0,75,1,24,0,0,0,1,0,0,0,0,0,0,0,0,0,0,0,0,27.028959145189706,8.642107538717289,0.8660254037844373,0.5000000000000023
2022-04-01,sul,128826.0,5072770.0,76,0,0,1,1,0,0,1,0,0,0,0,0,0,0,0,1,0,0,25.39559254608429,8.531642298474628,1.0,-2.45548340466059e-16
2022-05-01,sul,146829.0,6291774.0,77,0,0,1,2,0,0,0,1,0,0,0,0,0,0,0,1,0,0,23.336661488476857,8.74699834490625,0.8660254037844406,-0.4999999999999966
2022-06-01,sul,140293.0,5884884.0,78,0,0,1,3,0,0,0,0,1,0,0,0,0,0,0,1,0,0,23.839552317428858,8.680142308370119,0.5000000000000009,-0.8660254037844382
2022-07-01,sul,147159.0,5670166.0,79,0,0,1,4,0,0,0,0,0,1,0,0,0,0,0,0,1,0,25.953208424585807,8.642973673189182,5.14475451769206e-15,-1.0
2022-08-01,sul,177835.0,6446181.0,80,0,0,1,5,0,0,0,0,0,0,1,0,0,0,0,0,1,0,27.587652285903857,8.771243141410267,-0.4999999999999981,-0.8660254037844397
2022-09-01,sul,168925.0,5776479.0,81,0,0,1,6,0,0,0,0,0,0,0,1,0,0,0,0,1,0,29.243592853016516,8.661549606497093,-0.866025403784439,-0.49999999999999933
2022-10-01,sul,165405.0,5938846.0,82,0,0,1,7,0,0,0,0,0,0,0,0,1,0,0,0,0,1,27.851370451431137,8.68927011738837,-1.0,-3.4296300182491773e-15
2022-11-01,sul,160759.0,6053194.0,83,0,0,1,8,0,0,0,0,0,0,0,0,0,1,0,0,0,1,26.55771481964728,8.70834134560112,-0.8660254037844425,0.4999999999999934
2022-12-01,sul,139769.0,5379526.0,84,0,0,1,9,0,0,0,0,0,0,0,0,0,0,1,0,0,1,25.98165711997674,8.590355545185217,-0.4999999999999979,0.8660254037844398
2023-01-01,sul,165088.0,5569906.0,85,0,0,1,10,0,0,0,0,0,0,0,0,0,0,0,0,0,0,29.63927937024431,8.625133456656844,-1.7145055188062944e-15,1.0
2023-02-01,sul,158309.0,5147652.0,86,0,0,1,11,1,0,0,0,0,0,0,0,0,0,0,0,0,0,30.753632918464575,8.546295967363498,0.5000000000000011,0.866025403784438
2023-03-01,sul,215241.0,7277040.0,87,0,0,1,12,0,1,0,0,0,0,0,0,0,0,0,0,0,0,29.578097688070972,8.892479465102626,0.8660254037844372,0.5000000000000026
2023-04-01,sul,168862.0,6141997.0,88,0,0,1,13,0,0,1,0,0,0,0,0,0,0,0,1,0,0,27.49301245181331,8.7229052125604,1.0,7.1048083769644134e-15
2023-05-01,sul,201638.0,7376729.0,89,0,0,1,14,0,0,0,1,0,0,0,0,0,0,0,1,0,0,27.334337482100807,8.906085594409065,0.8660254037844407,-0.4999999999999964
2023-06-01,sul,182741.0,6324614.0,90,0,0,1,15,0,0,0,0,1,0,0,0,0,0,0,1,0,0,28.89362101782022,8.752204284065472,0.5000000000000011,-0.866025403784438
2023-07-01,sul,190714.0,6265292.0,91,0,0,1,16,0,0,0,0,0,1,0,0,0,0,0,0,1,0,30.439762424480776,8.742780474384507,-1.7157434800794711e-15,-1.0
2023-08-01,sul,232746.0,7448532.0,92,0,0,1,17,0,0,0,0,0,0,1,0,0,0,0,0,1,0,31.247230998000678,8.915772244977433,-0.4999999999999979,-0.8660254037844398
2023-09-01,sul,198259.0,6122598.0,93,0,0,1,18,0,0,0,0,0,0,0,1,0,0,0,0,1,0,32.381515167254165,8.7197417952315,-0.8660254037844354,-0.5000000000000058
2023-10-01,sul,220146.0,7046997.0,94,0,0,1,19,0,0,0,0,0,0,0,0,1,0,0,0,0,1,31.239689757211476,8.860356847613863,-1.0,-3.674559378078648e-15
2023-11-01,sul,205598.0,6625712.0,95,0,0,1,20,0,0,0,0,0,0,0,0,0,1,0,0,0,1,31.030325495584474,8.798713116777867,-0.866025403784439,0.49999999999999933
2023-12-01,sul,173491.0,5590252.0,96,0,0,1,21,0,0,0,0,0,0,0,0,0,0,1,0,0,1,31.03455801276937,8.628779645633944,-0.4999999999999981,0.8660254037844397
2024-01-01,sul,199341.0,6317676.0,97,0,0,1,22,0,0,0,0,0,0,0,0,0,0,0,0,0,0,31.552900148725577,8.751106697995779,-1.959434878635765e-15,1.0
2024-02-01,sul,197308.0,6391869.0,98,0,0,1,23,1,0,0,0,0,0,0,0,0,0,0,0,0,0,30.868592582232207,8.762781992868138,0.49999999999999467,0.8660254037844417
2024-03-01,sul,198905.0,7069993.0,99,0,0,1,24,0,1,0,0,0,0,0,0,0,0,0,0,0,0,28.133691221476457,8.863614768791118,0.866025403784437,0.5000000000000028
2024-04-01,sul,231893.0,8383293.0,100,0,0,1,25,0,0,1,0,0,0,0,0,0,0,0,1,0,0,27.66132592526588,9.033996075715,1.0,2.443103791928823e-16
2024-05-01,sul,193280.0,6820403.0,101,0,0,1,26,0,0,0,1,0,0,0,0,0,0,0,1,0,0,28.338501405268868,8.8276738400008,0.8660254037844373,-0.5000000000000023
2024-06-01,sul,209897.0,6905529.0,102,0,0,1,27,0,0,0,0,1,0,0,0,0,0,0,1,0,0,30.395499026939138,8.840077674060248,0.5000000000000012,-0.8660254037844379
2024-07-01,sul,216748.0,7168199.0,103,0,0,1,28,0,0,0,0,0,1,0,0,0,0,0,0,1,0,30.23744178977174,8.877409716546188,5.6346132373510016e-15,-1.0
2024-08-01,sul,227340.0,7427441.0,104,0,0,1,29,0,0,0,0,0,0,1,0,0,0,0,0,1,0,30.608119270149704,8.91293666385183,-0.49999999999999767,-0.86602540378444
2024-09-01,sul,220966.0,7304922.0,105,0,0,1,30,0,0,0,0,0,0,0,1,0,0,0,0,1,0,30.24891983788465,8.896303646509724,-0.8660254037844388,-0.4999999999999998
2024-10-01,sul,239779.0,8045022.0,106,0,0,1,31,0,0,0,0,0,0,0,0,1,0,0,0,0,1,29.804641926398713,8.992808794040519,-1.0,3.185938619692883e-15
2024-11-01,sul,204838.0,6753619.0,107,0,0,1,32,0,0,0,0,0,0,0,0,0,1,0,0,0,1,30.33010893862979,8.817833788338657,-0.8660254037844392,0.49999999999999917
2024-12-01,sul,169359.0,5537357.0,108,0,0,1,33,0,0,0,0,0,0,0,0,0,0,1,0,0,1,30.584807878560117,8.619272590092182,-0.5000000000000044,0.866025403784436
2016-01-01,sudeste,46277.0,2854004.0,1,0,0,0,0,0,0,0,0,0,0,0,0,0,0,0,0,0,0,16.214763539224194,7.956478199577496,0.0,1.0
2016-02-01,sudeste,39274.0,3414889.0,2,0,0,0,0,1,0,0,0,0,0,0,0,0,0,0,0,0,0,11.50081305717404,8.135900267816313,0.49999999999999994,0.8660254037844387
2016-03-01,sudeste,51627.0,4803517.0,3,0,0,0,0,0,1,0,0,0,0,0,0,0,0,0,0,0,0,10.747750033985515,8.477103636929614,0.8660254037844386,0.5000000000000001
2016-04-01,sudeste,42746.0,3897617.0,4,0,0,0,0,0,0,1,0,0,0,0,0,0,0,0,1,0,0,10.967214069519914,8.268120619724467,1.0,6.123233995736766e-17
2016-05-01,sudeste,44806.0,3964770.0,5,0,0,0,0,0,0,0,1,0,0,0,0,0,0,0,1,0,0,11.301033855683935,8.28520312482024,0.8660254037844387,-0.4999999999999998
2016-06-01,sudeste,49920.0,4338320.0,6,0,0,0,0,0,0,0,0,1,0,0,0,0,0,0,1,0,0,11.50675837651441,8.37524245537896,0.49999999999999994,-0.8660254037844387
2016-07-01,sudeste,44672.0,3974030.0,7,0,0,0,0,0,0,0,0,0,1,0,0,0,0,0,0,1,0,11.240982076129269,8.287535972152217,1.2246467991473532e-16,-1.0
2016-08-01,sudeste,56411.0,5130560.0,8,0,0,0,0,0,0,0,0,0,0,1,0,0,0,0,0,1,0,10.99509605189297,8.542970094000472,-0.4999999999999997,-0.8660254037844388
2016-09-01,sudeste,52674.0,4336504.0,9,0,0,0,0,0,0,0,0,0,0,0,1,0,0,0,0,1,0,12.14665085054689,8.374823772526945,-0.8660254037844385,-0.5000000000000004
2016-10-01,sudeste,48959.0,3885451.0,10,0,0,0,0,0,0,0,0,0,0,0,0,1,0,0,0,0,1,12.600596430118408,8.2649943435802,-1.0,-1.8369701987210297e-16
2016-11-01,sudeste,47142.0,3626164.0,11,0,0,0,0,0,0,0,0,0,0,0,0,0,1,0,0,0,1,13.000515144930015,8.195930619194373,-0.8660254037844386,0.5000000000000001
2016-12-01,sudeste,41049.0,2857649.0,12,0,0,0,0,0,0,0,0,0,0,0,0,0,0,1,0,0,1,14.364605310169305,7.957754537791606,-0.5000000000000004,0.8660254037844384
2017-01-01,sudeste,57294.0,4024539.0,13,0,0,0,0,0,0,0,0,0,0,0,0,0,0,0,0,0,0,14.236164688676144,8.300165649131635,-2.4492935982947064e-16,1.0
2017-02-01,sudeste,55944.0,3789862.0,14,0,0,0,0,1,0,0,0,0,0,0,0,0,0,0,0,0,0,14.761487357587162,8.240084885804055,0.5,0.8660254037844386
2017-03-01,sudeste,72687.0,4923964.0,15,0,0,0,0,0,1,0,0,0,0,0,0,0,0,0,0,0,0,14.761886967492044,8.501869176148455,0.8660254037844384,0.5000000000000004
2017-04-01,sudeste,72450.0,4784202.0,16,0,0,0,0,0,0,1,0,0,0,0,0,0,0,0,1,0,0,15.14359134501428,8.473074518819324,1.0,1.1943401194869635e-15
2017-05-01,sudeste,84300.0,5850019.0,17,0,0,0,0,0,0,0,1,0,0,0,0,0,0,0,1,0,0,14.410209607866232,8.674200188083876,0.8660254037844392,-0.4999999999999992
2017-06-01,sudeste,87471.0,5661178.0,18,0,0,0,0,0,0,0,0,1,0,0,0,0,0,0,1,0,0,15.451024504087313,8.641387276750246,0.4999999999999998,-0.8660254037844388
2017-07-01,sudeste,82208.0,5351602.0,19,0,0,0,0,0,0,0,0,0,1,0,0,0,0,0,0,1,0,15.36138150781766,8.585151234319403,3.6739403974420594e-16,-1.0
2017-08-01,sudeste,110406.0,7082691.0,20,0,0,0,0,0,0,0,0,0,0,1,0,0,0,0,0,1,0,15.588142981248229,8.865409199219618,-0.49999999999999917,-0.8660254037844392
2017-09-01,sudeste,113447.0,6647914.0,21,0,0,0,0,0,0,0,0,0,0,0,1,0,0,0,0,1,0,17.065052285574094,8.802058400230191,-0.8660254037844387,-0.49999999999999983
2017-10-01,sudeste,127443.0,7056036.0,22,0,0,0,0,0,0,0,0,0,0,0,0,1,0,0,0,0,1,18.06155750906033,8.861638699714428,-1.0,-4.286263797015736e-16
2017-11-01,sudeste,125678.0,7043977.0,23,0,0,0,0,0,0,0,0,0,0,0,0,0,1,0,0,0,1,17.841909478125782,8.859928204420534,-0.8660254037844392,0.4999999999999991
2017-12-01,sudeste,99392.0,5505018.0,24,0,0,0,0,0,0,0,0,0,0,0,0,0,0,1,0,0,1,18.05480018412292,8.613415318906203,-0.5000000000000014,0.8660254037844378
2018-01-01,sudeste,115539.0,6538767.0,25,0,0,0,0,0,0,0,0,0,0,0,0,0,0,0,0,0,0,17.669845094648576,8.785503894566741,-4.898587196589413e-16,1.0
2018-02-01,sudeste,109424.0,6017205.0,26,0,0,0,0,1,0,0,0,0,0,0,0,0,0,0,0,0,0,18.185187308725563,8.702378144774597,0.5000000000000006,0.8660254037844383
2018-03-01,sudeste,134063.0,7468502.0,27,0,0,0,0,0,1,0,0,0,0,0,0,0,0,0,0,0,0,17.950453785779263,8.918449722541702,0.8660254037844387,0.49999999999999994
2018-04-01,sudeste,129512.0,6915018.0,28,0,0,0,0,0,0,1,0,0,0,0,0,0,0,0,1,0,0,18.729090799185194,8.841450847132347,1.0,5.51091059616309e-16
2018-05-01,sudeste,132184.0,7310516.0,29,0,0,0,0,0,0,0,1,0,0,0,0,0,0,0,1,0,0,18.081350208384745,8.897069138487886,0.8660254037844393,-0.499999999999999
2018-06-01,sudeste,135147.0,6908387.0,30,0,0,0,0,0,0,0,0,1,0,0,0,0,0,0,1,0,0,19.56274308315385,8.84049145970087,0.5,-0.8660254037844386
2018-07-01,sudeste,139167.0,7368932.0,31,0,0,0,0,0,0,0,0,0,1,0,0,0,0,0,0,1,0,18.885640415734603,8.905028062878038,2.388680238973927e-15,-1.0
2018-08-01,sudeste,166957.0,8435105.0,32,0,0,0,0,0,0,0,0,0,0,1,0,0,0,0,0,1,0,19.793114608531845,9.04015744303537,-0.49999999999999895,-0.8660254037844393
2018-09-01,sudeste,176360.0,8925152.0,33,0,0,0,0,0,0,0,0,0,0,0,1,0,0,0,0,1,0,19.759887562699213,9.096628637315142,-0.8660254037844377,-0.5000000000000016
2018-10-01,sudeste,229094.0,11264796.0,34,0,0,0,0,0,0,0,0,0,0,0,0,1,0,0,0,0,1,20.337163673447794,9.329437743514621,-1.0,1.1028010998692062e-15
2018-11-01,sudeste,160280.0,7768629.0,35,0,0,0,0,0,0,0,0,0,0,0,0,0,1,0,0,0,1,20.63169704718812,8.957848979916488,-0.8660254037844384,0.5000000000000004
2018-12-01,sudeste,116297.0,5752067.0,36,0,0,0,0,0,0,0,0,0,0,0,0,0,0,1,0,0,1,20.218297179083624,8.657314547455435,-0.5000000000000001,0.8660254037844386
2019-01-01,sudeste,146331.0,7450490.0,37,0,0,0,0,0,0,0,0,0,0,0,0,0,0,0,0,0,0,19.640453178247334,8.916035081022814,-7.347880794884119e-16,1.0
2019-02-01,sudeste,159371.0,7860514.0,38,0,0,0,0,1,0,0,0,0,0,0,0,0,0,0,0,0,0,20.274882787563254,8.969607277687167,0.49999999999999883,0.8660254037844393
2019-03-01,sudeste,134746.0,6597336.0,39,0,0,0,0,0,1,0,0,0,0,0,0,0,0,0,0,0,0,20.424304598098384,8.794421210167796,0.8660254037844377,0.5000000000000017
2019-04-01,sudeste,156062.0,7949408.0,40,0,0,0,0,0,0,1,0,0,0,0,0,0,0,0,1,0,0,19.631902149191486,8.980852739466886,1.0,2.57237725884603e-15
2019-05-01,sudeste,179234.0,8973360.0,41,0,0,0,0,0,0,0,1,0,0,0,0,0,0,0,1,0,0,19.974011964303227,9.102015466854342,0.8660254037844385,-0.5000000000000003
2019-06-01,sudeste,151419.0,7287438.0,42,0,0,0,0,0,0,0,0,1,0,0,0,0,0,0,1,0,0,20.77808414973822,8.89390732290386,0.5000000000000033,-0.8660254037844367
2019-07-01,sudeste,182821.0,8278920.0,43,0,0,0,0,0,0,0,0,0,1,0,0,0,0,0,0,1,0,22.082711271518505,9.02146780408934,8.572527594031472e-16,-1.0
2019-08-01,sudeste,207119.0,8595027.0,44,0,0,0,0,0,0,0,0,0,0,1,0,0,0,0,0,1,0,24.09753919330329,9.058939059173271,-0.4999999999999987,-0.8660254037844394
2019-09-01,sudeste,185687.0,7576341.0,45,0,0,0,0,0,0,0,0,0,0,0,1,0,0,0,0,1,0,24.508796528561742,8.93278564441263,-0.8660254037844376,-0.5000000000000018
2019-10-01,sudeste,204505.0,8309339.0,46,0,0,0,0,0,0,0,0,0,0,0,0,1,0,0,0,0,1,24.61146428133453,9.02513534196619,-1.0,8.578717400397356e-16
2019-11-01,sudeste,179051.0,7282556.0,47,0,0,0,0,0,0,0,0,0,0,0,0,0,1,0,0,0,1,24.586285364643953,8.893237178471034,-0.8660254037844403,0.4999999999999971
2019-12-01,sudeste,142776.0,5752788.0,48,0,0,0,0,0,0,0,0,0,0,0,0,0,0,1,0,0,1,24.81857492401945,8.65743988584535,-0.5000000000000003,0.8660254037844385
2020-01-01,sudeste,164574.0,6776530.0,49,0,0,0,0,0,0,0,0,0,0,0,0,0,0,0,0,0,0,24.285880826912887,8.82122045051039,-9.797174393178826e-16,1.0
2020-02-01,sudeste,165644.0,6582600.0,50,0,0,0,0,1,0,0,0,0,0,0,0,0,0,0,0,0,0,25.163916993285326,8.7921850830515,0.4999999999999986,0.8660254037844395
2020-03-01,sudeste,173145.0,6880528.0,51,0,0,0,0,0,1,0,0,0,0,0,0,0,0,0,0,0,0,25.164493190057506,8.836450672168752,0.8660254037844393,0.49999999999999883
2020-04-01,sudeste,128513.0,4068570.0,52,1,1,0,0,0,0,1,0,0,0,0,0,0,0,0,1,0,0,31.586773731311002,8.311046865346942,1.0,2.8173066186755008e-15
2020-05-01,sudeste,144387.0,4805259.0,53,1,2,0,0,0,0,0,1,0,0,0,0,0,0,0,1,0,0,30.04770398432218,8.477466222136947,0.8660254037844386,-0.5000000000000001
2020-06-01,sudeste,176464.0,6146890.0,54,1,3,0,0,0,0,0,0,1,0,0,0,0,0,0,1,0,0,28.70785063666342,8.723701541838809,0.5000000000000004,-0.8660254037844384
2020-07-01,sudeste,196182.0,7294817.0,55,1,4,0,0,0,0,0,0,0,1,0,0,0,0,0,0,1,0,26.893340847344078,8.894919374967115,1.102182119232618e-15,-1.0
2020-08-01,sudeste,200443.0,7225193.0,56,1,5,0,0,0,0,0,0,0,0,1,0,0,0,0,0,1,0,27.74223470570267,8.88532922542662,-0.5000000000000016,-0.8660254037844377
2020-09-01,sudeste,221800.0,7703592.0,57,1,6,0,0,0,0,0,0,0,0,0,1,0,0,0,0,1,0,28.791763634418853,8.949441992574,-0.8660254037844375,-0.500000000000002
2020-10-01,sudeste,219119.0,7795424.0,58,1,7,0,0,0,0,0,0,0,0,0,0,1,0,0,0,0,1,28.10866990685818,8.961292173854792,-1.0,-2.939771298590236e-15
2020-11-01,sudeste,218555.0,7936567.0,59,1,8,0,0,0,0,0,0,0,0,0,0,0,1,0,0,0,1,27.537725064250072,8.979236092985104,-0.8660254037844386,0.5
2020-12-01,sudeste,190935.0,7047345.0,60,1,9,0,0,0,0,0,0,0,0,0,0,0,0,1,0,0,1,27.093181900417818,8.860406229131648,-0.5000000000000006,0.8660254037844384
2021-01-01,sudeste,189930.0,7403167.0,61,1,10,0,0,0,0,0,0,0,0,0,0,0,0,0,0,0,0,25.655236468392513,8.909663160610922,-4.777360477947854e-15,1.0
2021-02-01,sudeste,207043.0,7590565.0,62,1,11,0,0,1,0,0,0,0,0,0,0,0,0,0,0,0,0,27.276362168033607,8.934661307671853,0.4999999999999984,0.8660254037844396
2021-03-01,sudeste,229917.0,8773414.0,63,1,12,0,0,0,1,0,0,0,0,0,0,0,0,0,0,0,0,26.2061040320222,9.07948129125775,0.8660254037844374,0.5000000000000021
2021-04-01,sudeste,209132.0,7410168.0,64,1,13,0,0,0,0,1,0,0,0,0,0,0,0,0,1,0,0,28.22230211244873,8.910608390097902,1.0,-4.904777002955296e-16
2021-05-01,sudeste,229650.0,8682316.0,65,1,14,0,0,0,0,0,1,0,0,0,0,0,0,0,1,0,0,26.450315791316513,9.069043592340694,0.8660254037844405,-0.49999999999999684
2021-06-01,sudeste,227827.0,8574074.0,66,1,15,0,0,0,0,0,0,1,0,0,0,0,0,0,1,0,0,26.571615780316336,9.056498277864788,0.5000000000000007,-0.8660254037844383
2021-07-01,sudeste,235453.0,8369728.0,67,1,16,0,0,0,0,0,0,0,1,0,0,0,0,0,0,1,0,28.131499613846472,9.032376665942339,-2.2056021997384123e-15,-1.0
2021-08-01,sudeste,277393.0,9432523.0,68,1,17,0,0,0,0,0,0,0,0,1,0,0,0,0,0,1,0,29.40814456535118,9.151918890213441,-0.4999999999999983,-0.8660254037844396
2021-09-01,sudeste,262347.0,8733903.0,69,1,18,0,0,0,0,0,0,0,0,0,1,0,0,0,0,1,0,30.03777349027119,9.074967627961392,-0.8660254037844392,-0.49999999999999917
2021-10-01,sudeste,249162.0,8310689.0,70,1,19,0,0,0,0,0,0,0,0,0,0,1,0,0,0,0,1,29.98090772016616,9.025297796566502,-1.0,-3.1847006584197066e-15
2021-11-01,sudeste,260726.0,8964902.0,71,1,20,0,0,0,0,0,0,0,0,0,0,0,1,0,0,0,1,29.082972686148715,9.101072454579597,-0.8660254037844388,0.4999999999999998
2021-12-01,sudeste,231699.0,8541684.0,72,1,21,0,0,0,0,0,0,0,0,0,0,0,0,1,0,0,1,27.125681540080386,9.052713457038834,-0.49999999999999767,0.86602540378444
2022-01-01,sudeste,194974.0,9510501.0,73,1,22,0,0,0,0,0,0,0,0,0,0,0,0,0,0,0,0,20.50091788014112,9.160151835539834,-1.4695761589768238e-15,1.0
2022-02-01,sudeste,240257.0,8748954.0,74,1,23,0,0,1,0,0,0,0,0,0,0,0,0,0,0,0,0,27.461225650517765,9.0766894293487,0.4999999999999951,0.8660254037844415
2022-03-01,sudeste,297886.0,10384141.0,75,1,24,0,0,0,1,0,0,0,0,0,0,0,0,0,0,0,0,28.686628966228405,9.248035017434118,0.8660254037844373,0.5000000000000023
2022-04-01,sudeste,259369.0,9050905.0,76,0,0,1,1,0,0,1,0,0,0,0,0,0,0,0,1,0,0,28.656692341815543,9.110620031694305,1.0,-2.45548340466059e-16
2022-05-01,sudeste,306286.0,11302096.0,77,0,0,1,2,0,0,0,1,0,0,0,0,0,0,0,1,0,0,27.09992907510253,9.332743474225559,0.8660254037844406,-0.4999999999999966
2022-06-01,sudeste,277618.0,10907016.0,78,0,0,1,3,0,0,0,0,1,0,0,0,0,0,0,1,0,0,25.453157857291124,9.2971615308755,0.5000000000000009,-0.8660254037844382
2022-07-01,sudeste,287448.0,11278206.0,79,0,0,1,4,0,0,0,0,0,1,0,0,0,0,0,0,1,0,25.487032246085946,9.330627469850251,5.14475451769206e-15,-1.0
2022-08-01,sudeste,349923.0,12984573.0,80,0,0,1,5,0,0,0,0,0,0,1,0,0,0,0,0,1,0,26.949134176379925,9.47151723945912,-0.4999999999999981,-0.8660254037844397
2022-09-01,sudeste,325021.0,10925828.0,81,0,0,1,6,0,0,0,0,0,0,0,1,0,0,0,0,1,0,29.74795136807938,9.298884806565598,-0.866025403784439,-0.49999999999999933
2022-10-01,sudeste,315765.0,10823973.0,82,0,0,1,7,0,0,0,0,0,0,0,0,1,0,0,0,0,1,29.17274461050485,9.28951867539075,-1.0,-3.4296300182491773e-15
2022-11-01,sudeste,303992.0,10690108.0,83,0,0,1,8,0,0,0,0,0,0,0,0,0,1,0,0,0,1,28.436756672617342,9.277074106867964,-0.8660254037844425,0.4999999999999934
2022-12-01,sudeste,272890.0,9515813.0,84,0,0,1,9,0,0,0,0,0,0,0,0,0,0,1,0,0,1,28.67752865677373,9.160710220115849,-0.4999999999999979,0.8660254037844398
2023-01-01,sudeste,343086.0,11509756.0,85,0,0,1,10,0,0,0,0,0,0,0,0,0,0,0,0,0,0,29.80827743003414,9.350950302533798,-1.7145055188062944e-15,1.0
2023-02-01,sudeste,313212.0,10197682.0,86,0,0,1,11,1,0,0,0,0,0,0,0,0,0,0,0,0,0,30.714038739391953,9.229915718544094,0.5000000000000011,0.866025403784438
2023-03-01,sudeste,418730.0,14237576.0,87,0,0,1,12,0,1,0,0,0,0,0,0,0,0,0,0,0,0,29.41020297275323,9.563639945756993,0.8660254037844372,0.5000000000000026
2023-04-01,sudeste,337786.0,11611814.0,88,0,0,1,13,0,0,1,0,0,0,0,0,0,0,0,1,0,0,29.089856244683215,9.359778307103728,1.0,7.1048083769644134e-15
2023-05-01,sudeste,411534.0,13846474.0,89,0,0,1,14,0,0,0,1,0,0,0,0,0,0,0,1,0,0,29.721212779513397,9.535785894365718,0.8660254037844407,-0.4999999999999964
2023-06-01,sudeste,378144.0,12390358.0,90,0,0,1,15,0,0,0,0,1,0,0,0,0,0,0,1,0,0,30.519215021874267,9.42467386847533,0.5000000000000011,-0.866025403784438
2023-07-01,sudeste,384353.0,12320884.0,91,0,0,1,16,0,0,0,0,0,1,0,0,0,0,0,0,1,0,31.195245406092614,9.419050987760123,-1.7157434800794711e-15,-1.0
2023-08-01,sudeste,467307.0,14419268.0,92,0,0,1,17,0,0,0,0,0,0,1,0,0,0,0,0,1,0,32.408510612327895,9.57632064672106,-0.4999999999999979,-0.8660254037844398
2023-09-01,sudeste,399062.0,12036727.0,93,0,0,1,18,0,0,0,0,0,0,0,1,0,0,0,0,1,0,33.153697014146786,9.395717838052754,-0.8660254037844354,-0.5000000000000058
2023-10-01,sudeste,424789.0,13026851.0,94,0,0,1,19,0,0,0,0,0,0,0,0,1,0,0,0,0,1,32.608724856068434,9.474767967849086,-1.0,-3.674559378078648e-15
2023-11-01,sudeste,389947.0,12048175.0,95,0,0,1,20,0,0,0,0,0,0,0,0,0,1,0,0,0,1,32.36564873933189,9.396668475166589,-0.866025403784439,0.49999999999999933
2023-12-01,sudeste,345378.0,10649172.0,96,0,0,1,21,0,0,0,0,0,0,0,0,0,0,1,0,0,1,32.43238065832724,9.273237421636283,-0.4999999999999981,0.8660254037844397
2024-01-01,sudeste,404097.0,12540305.0,97,0,0,1,22,0,0,0,0,0,0,0,0,0,0,0,0,0,0,32.223857394218086,9.436703136060192,-1.959434878635765e-15,1.0
2024-02-01,sudeste,377219.0,12263491.0,98,0,0,1,23,1,0,0,0,0,0,0,0,0,0,0,0,0,0,30.759512116085055,9.414381916102617,0.49999999999999467,0.8660254037844417
2024-03-01,sudeste,402343.0,14289189.0,99,0,0,1,24,0,1,0,0,0,0,0,0,0,0,0,0,0,0,28.157161333648816,9.567258516339294,0.866025403784437,0.5000000000000028
2024-04-01,sudeste,457755.0,15747195.0,100,0,0,1,25,0,0,1,0,0,0,0,0,0,0,0,1,0,0,29.068986571894232,9.664417533154843,1.0,2.443103791928823e-16
2024-05-01,sudeste,424004.0,13873381.0,101,0,0,1,26,0,0,0,1,0,0,0,0,0,0,0,1,0,0,30.5624130123724,9.537727247121763,0.8660254037844373,-0.5000000000000023
2024-06-01,sudeste,428870.0,13582436.0,102,0,0,1,27,0,0,0,0,1,0,0,0,0,0,0,1,0,0,31.575337443150843,9.516532766469059,0.5000000000000012,-0.8660254037844379
2024-07-01,sudeste,448126.0,13749894.0,103,0,0,1,28,0,0,0,0,0,1,0,0,0,0,0,0,1,0,32.59123306696037,9.528786393974093,5.6346132373510016e-15,-1.0
2024-08-01,sudeste,478175.0,14186361.0,104,0,0,1,29,0,0,0,0,0,0,1,0,0,0,0,0,1,0,33.70667079457516,9.560036289062666,-0.49999999999999767,-0.86602540378444
2024-09-01,sudeste,469809.0,14006479.0,105,0,0,1,30,0,0,0,0,0,0,0,1,0,0,0,0,1,0,33.542262834221226,9.5472752872594,-0.8660254037844388,-0.4999999999999998
2024-10-01,sudeste,480965.0,14396130.0,106,0,0,1,31,0,0,0,0,0,0,0,0,1,0,0,0,0,1,33.40932597857896,9.574714699444339,-1.0,3.185938619692883e-15
2024-11-01,sudeste,420789.0,12579215.0,107,0,0,1,32,0,0,0,0,0,0,0,0,0,1,0,0,0,1,33.451133476929996,9.439801127671501,-0.8660254037844392,0.49999999999999917
2024-12-01,sudeste,353492.0,10876110.0,108,0,0,1,33,0,0,0,0,0,0,0,0,0,0,1,0,0,1,32.50169407996058,9.294323919713719,-0.5000000000000044,0.866025403784436
2016-01-01,norte,4093.0,688276.0,1,0,0,0,0,0,0,0,0,0,0,0,0,0,0,0,0,0,0,5.946742295242025,6.534189920279762,0.0,1.0
2016-02-01,norte,5144.0,818837.0,2,0,0,0,0,1,0,0,0,0,0,0,0,0,0,0,0,0,0,6.282080560599972,6.7078850408463015,0.49999999999999994,0.8660254037844387
2016-03-01,norte,5837.0,1015203.0,3,0,0,0,0,0,1,0,0,0,0,0,0,0,0,0,0,0,0,5.749588998456467,6.922843871478554,0.8660254037844386,0.5000000000000001
2016-04-01,norte,4888.0,927385.0,4,0,0,0,0,0,0,1,0,0,0,0,0,0,0,0,1,0,0,5.270734376769087,6.832368797575962,1.0,6.123233995736766e-17
2016-05-01,norte,5524.0,956685.0,5,0,0,0,0,0,0,0,1,0,0,0,0,0,0,0,1,0,0,5.774105374287252,6.863474183665001,0.8660254037844387,-0.4999999999999998
2016-06-01,norte,5989.0,1023123.0,6,0,0,0,0,0,0,0,0,1,0,0,0,0,0,0,1,0,0,5.853646140297892,6.930614993328131,0.49999999999999994,-0.8660254037844387
2016-07-01,norte,4720.0,810932.0,7,0,0,0,0,0,0,0,0,0,1,0,0,0,0,0,0,1,0,5.820463368075251,6.698184203497705,1.2246467991473532e-16,-1.0
2016-08-01,norte,5841.0,969870.0,8,0,0,0,0,0,0,0,0,0,0,1,0,0,0,0,0,1,0,6.022456617897244,6.877162041897306,-0.4999999999999997,-0.8660254037844388
2016-09-01,norte,5231.0,861146.0,9,0,0,0,0,0,0,0,0,0,0,0,1,0,0,0,0,1,0,6.074463563669807,6.7582640603194495,-0.8660254037844385,-0.5000000000000004
2016-10-01,norte,4770.0,759285.0,10,0,0,0,0,0,0,0,0,0,0,0,0,1,0,0,0,0,1,6.282226041604931,6.63237720098652,-1.0,-1.8369701987210297e-16
2016-11-01,norte,3602.0,637659.0,11,0,0,0,0,0,0,0,0,0,0,0,0,0,1,0,0,0,1,5.648787204446263,6.457803657699343,-0.8660254037844386,0.5000000000000001
2016-12-01,norte,3096.0,455704.0,12,0,0,0,0,0,0,0,0,0,0,0,0,0,0,1,0,0,1,6.793883749100293,6.121843475935943,-0.5000000000000004,0.8660254037844384
2017-01-01,norte,4170.0,735777.0,13,0,0,0,0,0,0,0,0,0,0,0,0,0,0,0,0,0,0,5.6674780538125,6.600927083687961,-2.4492935982947064e-16,1.0
2017-02-01,norte,4171.0,755455.0,14,0,0,0,0,1,0,0,0,0,0,0,0,0,0,0,0,0,0,5.52117598003852,6.62732021673566,0.5,0.8660254037844386
2017-03-01,norte,5656.0,976967.0,15,0,0,0,0,0,1,0,0,0,0,0,0,0,0,0,0,0,0,5.7893460065693105,6.884452874604368,0.8660254037844384,0.5000000000000004
2017-04-01,norte,5646.0,888435.0,16,0,0,0,0,0,0,1,0,0,0,0,0,0,0,0,1,0,0,6.354995019331746,6.789461487912411,1.0,1.1943401194869635e-15
2017-05-01,norte,7015.0,1068221.0,17,0,0,0,0,0,0,0,1,0,0,0,0,0,0,0,1,0,0,6.566993159655165,6.973749926952272,0.8660254037844392,-0.4999999999999992
2017-06-01,norte,6894.0,984891.0,18,0,0,0,0,0,0,0,0,1,0,0,0,0,0,0,1,0,0,6.999759364234214,6.892530975150353,0.4999999999999998,-0.8660254037844388
2017-07-01,norte,6778.0,920542.0,19,0,0,0,0,0,0,0,0,0,1,0,0,0,0,0,0,1,0,7.363053505434842,6.824962627008661,3.6739403974420594e-16,-1.0
2017-08-01,norte,8709.0,1081961.0,20,0,0,0,0,0,0,0,0,0,0,1,0,0,0,0,0,1,0,8.049273495070526,6.9865304143945215,-0.49999999999999917,-0.8660254037844392
2017-09-01,norte,8706.0,1034950.0,21,0,0,0,0,0,0,0,0,0,0,0,1,0,0,0,0,1,0,8.412000579738152,6.9421083953538,-0.8660254037844387,-0.49999999999999983
2017-10-01,norte,9280.0,1088498.0,22,0,0,0,0,0,0,0,0,0,0,0,0,1,0,0,0,0,1,8.525509463499244,6.992554043282009,-1.0,-4.286263797015736e-16
2017-11-01,norte,9330.0,1080516.0,23,0,0,0,0,0,0,0,0,0,0,0,0,0,1,0,0,0,1,8.634763390824384,6.985193983796582,-0.8660254037844392,0.4999999999999991
2017-12-01,norte,7619.0,845246.0,24,0,0,0,0,0,0,0,0,0,0,0,0,0,0,1,0,0,1,9.01394386959536,6.739627709249084,-0.5000000000000014,0.8660254037844378
2018-01-01,norte,9693.0,1150248.0,25,0,0,0,0,0,0,0,0,0,0,0,0,0,0,0,0,0,0,8.426878377532496,7.047732850281621,-4.898587196589413e-16,1.0
2018-02-01,norte,9299.0,1027506.0,26,0,0,0,0,1,0,0,0,0,0,0,0,0,0,0,0,0,0,9.050068807384093,6.934889785769399,0.5000000000000006,0.8660254037844383
2018-03-01,norte,11122.0,1282624.0,27,0,0,0,0,0,1,0,0,0,0,0,0,0,0,0,0,0,0,8.67128636295594,7.156663258530963,0.8660254037844387,0.49999999999999994
2018-04-01,norte,11960.0,1328363.0,28,0,0,0,0,0,0,1,0,0,0,0,0,0,0,0,1,0,0,9.003563032092885,7.19170263605838,1.0,5.51091059616309e-16
2018-05-01,norte,12189.0,1362369.0,29,0,0,0,0,0,0,0,1,0,0,0,0,0,0,0,1,0,0,8.946915263045474,7.21698037512601,0.8660254037844393,-0.499999999999999
2018-06-01,norte,11609.0,1178144.0,30,0,0,0,0,0,0,0,0,1,0,0,0,0,0,0,1,0,0,9.85363419072711,7.071695597827286,0.5,-0.8660254037844386
2018-07-01,norte,11755.0,1154150.0,31,0,0,0,0,0,0,0,0,0,1,0,0,0,0,0,0,1,0,10.184984620716545,7.051119421290007,2.388680238973927e-15,-1.0
2018-08-01,norte,15184.0,1388006.0,32,0,0,0,0,0,0,0,0,0,0,1,0,0,0,0,0,1,0,10.939433979392021,7.235623463823977,-0.49999999999999895,-0.8660254037844393
2018-09-01,norte,13550.0,1218094.0,33,0,0,0,0,0,0,0,0,0,0,0,1,0,0,0,0,1,0,11.123936247941456,7.105042620989817,-0.8660254037844377,-0.5000000000000016
2018-10-01,norte,14418.0,1371236.0,34,0,0,0,0,0,0,0,0,0,0,0,0,1,0,0,0,0,1,10.514601425283466,7.223467801874604,-1.0,1.1028010998692062e-15
2018-11-01,norte,11439.0,1085473.0,35,0,0,0,0,0,0,0,0,0,0,0,0,0,1,0,0,0,1,10.538263042931515,6.989771115678738,-0.8660254037844384,0.5000000000000004
2018-12-01,norte,8493.0,840172.0,36,0,0,0,0,0,0,0,0,0,0,0,0,0,0,1,0,0,1,10.108644420428197,6.733606632781264,-0.5000000000000001,0.8660254037844386
2019-01-01,norte,13634.0,1456296.0,37,0,0,0,0,0,0,0,0,0,0,0,0,0,0,0,0,0,0,9.362107703378983,7.2836515047979535,-7.347880794884119e-16,1.0
2019-02-01,norte,15651.0,1528776.0,38,0,0,0,0,1,0,0,0,0,0,0,0,0,0,0,0,0,0,10.23760184618283,7.332222694215712,0.49999999999999883,0.8660254037844393
2019-03-01,norte,10326.0,1033212.0,39,0,0,0,0,0,1,0,0,0,0,0,0,0,0,0,0,0,0,9.994076723847575,6.940427675556097,0.8660254037844377,0.5000000000000017
2019-04-01,norte,13655.0,1382635.0,40,0,0,0,0,0,0,1,0,0,0,0,0,0,0,0,1,0,0,9.876069967851242,7.231746377815375,1.0,2.57237725884603e-15
2019-05-01,norte,15528.0,1478419.0,41,0,0,0,0,0,0,0,1,0,0,0,0,0,0,0,1,0,0,10.503111770073302,7.2987285525364385,0.8660254037844385,-0.5000000000000003
2019-06-01,norte,13335.0,1238816.0,42,0,0,0,0,0,0,0,0,1,0,0,0,0,0,0,1,0,0,10.764310438354041,7.121911363740535,0.5000000000000033,-0.8660254037844367
2019-07-01,norte,15158.0,1358503.0,43,0,0,0,0,0,0,0,0,0,1,0,0,0,0,0,0,1,0,11.157870096716753,7.214138637181962,8.572527594031472e-16,-1.0
2019-08-01,norte,15971.0,1367025.0,44,0,0,0,0,0,0,0,0,0,0,1,0,0,0,0,0,1,0,11.683034326365648,7.2203921247791065,-0.4999999999999987,-0.8660254037844394
2019-09-01,norte,14882.0,1285697.0,45,0,0,0,0,0,0,0,0,0,0,0,1,0,0,0,0,1,0,11.57504450893173,7.159056262728221,-0.8660254037844376,-0.5000000000000018
2019-10-01,norte,15976.0,1397004.0,46,0,0,0,0,0,0,0,0,0,0,0,0,1,0,0,0,0,1,11.435901400425482,7.242085222531316,-1.0,8.578717400397356e-16
2019-11-01,norte,13607.0,1201832.0,47,0,0,0,0,0,0,0,0,0,0,0,0,0,1,0,0,0,1,11.321881926924895,7.09160233827192,-0.8660254037844403,0.4999999999999971
2019-12-01,norte,10691.0,914188.0,48,0,0,0,0,0,0,0,0,0,0,0,0,0,0,1,0,0,1,11.694531103011634,6.81803623958091,-0.5000000000000003,0.8660254037844385
2020-01-01,norte,13785.0,1204616.0,49,0,0,0,0,0,0,0,0,0,0,0,0,0,0,0,0,0,0,11.44348074407114,7.09391612293881,-9.797174393178826e-16,1.0
2020-02-01,norte,12919.0,1101599.0,50,0,0,0,0,1,0,0,0,0,0,0,0,0,0,0,0,0,0,11.72749793708963,7.004518039643518,0.4999999999999986,0.8660254037844395
2020-03-01,norte,14214.0,1138840.0,51,0,0,0,0,0,1,0,0,0,0,0,0,0,0,0,0,0,0,12.481121140809947,7.037765479479684,0.8660254037844393,0.49999999999999883
2020-04-01,norte,11245.0,685182.0,52,1,1,0,0,0,0,1,0,0,0,0,0,0,0,0,1,0,0,16.411697913838953,6.529684496402633,1.0,2.8173066186755008e-15
2020-05-01,norte,12836.0,859343.0,53,1,2,0,0,0,0,0,1,0,0,0,0,0,0,0,1,0,0,14.93699256292307,6.756168143798009,0.8660254037844386,-0.5000000000000001
2020-06-01,norte,14368.0,1098306.0,54,1,3,0,0,0,0,0,0,1,0,0,0,0,0,0,1,0,0,13.08196440700497,7.001524271767633,0.5000000000000004,-0.8660254037844384
2020-07-01,norte,16751.0,1352499.0,55,1,4,0,0,0,0,0,0,0,1,0,0,0,0,0,0,1,0,12.38522172659647,7.209709271348829,1.102182119232618e-15,-1.0
2020-08-01,norte,15289.0,1332747.0,56,1,5,0,0,0,0,0,0,0,0,1,0,0,0,0,0,1,0,11.47179472172888,7.1949975047155315,-0.5000000000000016,-0.8660254037844377
2020-09-01,norte,16447.0,1402621.0,57,1,6,0,0,0,0,0,0,0,0,0,1,0,0,0,0,1,0,11.725904574364707,7.246097908185224,-0.8660254037844375,-0.500000000000002
2020-10-01,norte,16054.0,1234488.0,58,1,7,0,0,0,0,0,0,0,0,0,0,1,0,0,0,0,1,13.00458165652481,7.11841158820336,-1.0,-2.939771298590236e-15
2020-11-01,norte,15488.0,1183965.0,59,1,8,0,0,0,0,0,0,0,0,0,0,0,1,0,0,0,1,13.081467779875249,7.0766242541962106,-0.8660254037844386,0.5
2020-12-01,norte,11940.0,1004414.0,60,1,9,0,0,0,0,0,0,0,0,0,0,0,0,1,0,0,1,11.887528449424241,6.9121595658561406,-0.5000000000000006,0.8660254037844384
2021-01-01,norte,12462.0,1138470.0,61,1,10,0,0,0,0,0,0,0,0,0,0,0,0,0,0,0,0,10.946269993939234,7.037440534695482,-4.777360477947854e-15,1.0
2021-02-01,norte,14178.0,1210156.0,62,1,11,0,0,1,0,0,0,0,0,0,0,0,0,0,0,0,0,11.715844899335291,7.098504555900428,0.4999999999999984,0.8660254037844396
2021-03-01,norte,18996.0,1554978.0,63,1,12,0,0,0,1,0,0,0,0,0,0,0,0,0,0,0,0,12.21625000482322,7.349216676603284,0.8660254037844374,0.5000000000000021
2021-04-01,norte,18398.0,1424867.0,64,1,13,0,0,0,0,1,0,0,0,0,0,0,0,0,1,0,0,12.912082320665718,7.2618337550135905,1.0,-4.904777002955296e-16
2021-05-01,norte,20351.0,1574816.0,65,1,14,0,0,0,0,0,1,0,0,0,0,0,0,0,1,0,0,12.922779550118872,7.36189371903829,0.8660254037844405,-0.49999999999999684
2021-06-01,norte,20553.0,1527610.0,66,1,15,0,0,0,0,0,0,1,0,0,0,0,0,0,1,0,0,13.454350259555776,7.331459701546222,0.5000000000000007,-0.8660254037844383
2021-07-01,norte,20886.0,1468927.0,67,1,16,0,0,0,0,0,0,0,1,0,0,0,0,0,0,1,0,14.218541833596905,7.292287481269943,-2.2056021997384123e-15,-1.0
2021-08-01,norte,23806.0,1614303.0,68,1,17,0,0,0,0,0,0,0,0,1,0,0,0,0,0,1,0,14.74692173650176,7.38665856355239,-0.4999999999999983,-0.8660254037844396
2021-09-01,norte,22560.0,1407123.0,69,1,18,0,0,0,0,0,0,0,0,0,1,0,0,0,0,1,0,16.032713558089803,7.249302473336124,-0.8660254037844392,-0.49999999999999917
2021-10-01,norte,21325.0,1351771.0,70,1,19,0,0,0,0,0,0,0,0,0,0,1,0,0,0,0,1,15.775601044851532,7.209170863558493,-1.0,-3.1847006584197066e-15
2021-11-01,norte,22262.0,1449905.0,71,1,20,0,0,0,0,0,0,0,0,0,0,0,1,0,0,0,1,15.354109407168055,7.279253316026892,-0.8660254037844388,0.4999999999999998
2021-12-01,norte,20162.0,1477637.0,72,1,21,0,0,0,0,0,0,0,0,0,0,0,0,1,0,0,1,13.644758489398951,7.298199469177908,-0.49999999999999767,0.86602540378444
2022-01-01,norte,19190.0,1679679.0,73,1,22,0,0,0,0,0,0,0,0,0,0,0,0,0,0,0,0,11.424802000858497,7.426357982712262,-1.4695761589768238e-15,1.0
2022-02-01,norte,22527.0,1445120.0,74,1,23,0,0,1,0,0,0,0,0,0,0,0,0,0,0,0,0,15.58832484499557,7.275947642081188,0.4999999999999951,0.8660254037844415
2022-03-01,norte,27756.0,1687696.0,75,1,24,0,0,0,1,0,0,0,0,0,0,0,0,0,0,0,0,16.446089817123465,7.431119564150159,0.8660254037844373,0.5000000000000023
2022-04-01,norte,24607.0,1511128.0,76,0,0,1,1,0,0,1,0,0,0,0,0,0,0,0,1,0,0,16.283862121540995,7.320611670796056,1.0,-2.45548340466059e-16
2022-05-01,norte,29768.0,1796713.0,77,0,0,1,2,0,0,0,1,0,0,0,0,0,0,0,1,0,0,16.568032846648297,7.493714163399632,0.8660254037844406,-0.4999999999999966
2022-06-01,norte,26465.0,1708178.0,78,0,0,1,3,0,0,0,0,1,0,0,0,0,0,0,1,0,0,15.493116056991719,7.443182584375136,0.5000000000000009,-0.8660254037844382
2022-07-01,norte,22885.0,1636109.0,79,0,0,1,4,0,0,0,0,0,1,0,0,0,0,0,0,1,0,13.987454381095636,7.400076140860155,5.14475451769206e-15,-1.0
2022-08-01,norte,31252.0,1918678.0,80,0,0,1,5,0,0,0,0,0,0,1,0,0,0,0,0,1,0,16.288298505533497,7.559391686201481,-0.4999999999999981,-0.8660254037844397
2022-09-01,norte,29449.0,1569245.0,81,0,0,1,6,0,0,0,0,0,0,0,1,0,0,0,0,1,0,18.766349422811608,7.358349890957102,-0.866025403784439,-0.49999999999999933
2022-10-01,norte,27322.0,1554405.0,82,0,0,1,7,0,0,0,0,0,0,0,0,1,0,0,0,0,1,17.577143665904316,7.348848114733301,-1.0,-3.4296300182491773e-15
2022-11-01,norte,27519.0,1634686.0,83,0,0,1,8,0,0,0,0,0,0,0,0,0,1,0,0,0,1,16.83442569398649,7.399206015957933,-0.8660254037844425,0.4999999999999934
2022-12-01,norte,23383.0,1437691.0,84,0,0,1,9,0,0,0,0,0,0,0,0,0,0,1,0,0,1,16.26427375562621,7.270793633410344,-0.4999999999999979,0.8660254037844398
2023-01-01,norte,29414.0,1670850.0,85,0,0,1,10,0,0,0,0,0,0,0,0,0,0,0,0,0,0,17.604213424304994,7.421087757959309,-1.7145055188062944e-15,1.0
2023-02-01,norte,26546.0,1477581.0,86,0,0,1,11,1,0,0,0,0,0,0,0,0,0,0,0,0,0,17.965850941505067,7.2981615701125895,0.5000000000000011,0.866025403784438
2023-03-01,norte,35114.0,2057619.0,87,0,0,1,12,0,1,0,0,0,0,0,0,0,0,0,0,0,0,17.065355636782126,7.6293047680597645,0.8660254037844372,0.5000000000000026
2023-04-01,norte,29783.0,1706925.0,88,0,0,1,13,0,0,1,0,0,0,0,0,0,0,0,1,0,0,17.448335457035313,7.442448785098087,1.0,7.1048083769644134e-15
2023-05-01,norte,36554.0,1958329.0,89,0,0,1,14,0,0,0,1,0,0,0,0,0,0,0,1,0,0,18.665913643723805,7.579846837575844,0.8660254037844407,-0.4999999999999964
2023-06-01,norte,33138.0,1763434.0,90,0,0,1,15,0,0,0,0,1,0,0,0,0,0,0,1,0,0,18.79174383617419,7.47501832340161,0.5000000000000011,-0.866025403784438
2023-07-01,norte,33664.0,1734718.0,91,0,0,1,16,0,0,0,0,0,1,0,0,0,0,0,0,1,0,19.406036024299052,7.458600143147494,-1.7157434800794711e-15,-1.0
2023-08-01,norte,42013.0,2034596.0,92,0,0,1,17,0,0,0,0,0,0,1,0,0,0,0,0,1,0,20.649308265621283,7.618052552369314,-0.4999999999999979,-0.8660254037844398
2023-09-01,norte,37261.0,1715103.0,93,0,0,1,18,0,0,0,0,0,0,0,1,0,0,0,0,1,0,21.725225831917967,7.44722841610565,-0.8660254037844354,-0.5000000000000058
2023-10-01,norte,41485.0,1907955.0,94,0,0,1,19,0,0,0,0,0,0,0,0,1,0,0,0,0,1,21.74317528453239,7.553787266824443,-1.0,-3.674559378078648e-15
2023-11-01,norte,39855.0,1889197.0,95,0,0,1,20,0,0,0,0,0,0,0,0,0,1,0,0,0,1,21.09626470929183,7.543907150046955,-0.866025403784439,0.49999999999999933
2023-12-01,norte,32927.0,1587093.0,96,0,0,1,21,0,0,0,0,0,0,0,0,0,0,1,0,0,1,20.746736328620944,7.369659319943645,-0.4999999999999981,0.8660254037844397
2024-01-01,norte,42153.0,1955253.0,97,0,0,1,22,0,0,0,0,0,0,0,0,0,0,0,0,0,0,21.558846860227295,7.578274875811192,-1.959434878635765e-15,1.0
2024-02-01,norte,40965.0,1849472.0,98,0,0,1,23,1,0,0,0,0,0,0,0,0,0,0,0,0,0,22.14956484877846,7.522655471931091,0.49999999999999467,0.8660254037844417
2024-03-01,norte,43479.0,2013789.0,99,0,0,1,24,0,1,0,0,0,0,0,0,0,0,0,0,0,0,21.590643309701264,7.607773301156535,0.866025403784437,0.5000000000000028
2024-04-01,norte,51421.0,2386166.0,100,0,0,1,25,0,0,1,0,0,0,0,0,0,0,0,1,0,0,21.54963233907448,7.777443172744094,1.0,2.443103791928823e-16
2024-05-01,norte,46849.0,2025140.0,101,0,0,1,26,0,0,0,1,0,0,0,0,0,0,0,1,0,0,23.133709274420532,7.61339411295334,0.8660254037844373,-0.5000000000000023
2024-06-01,norte,47380.0,2014634.0,102,0,0,1,27,0,0,0,0,1,0,0,0,0,0,0,1,0,0,23.517919383868236,7.6081928201655336,0.5000000000000012,-0.8660254037844379
2024-07-01,norte,47346.0,1973268.0,103,0,0,1,28,0,0,0,0,0,1,0,0,0,0,0,0,1,0,23.993699791412013,7.587446330553748,5.6346132373510016e-15,-1.0
2024-08-01,norte,50242.0,2055451.0,104,0,0,1,29,0,0,0,0,0,0,1,0,0,0,0,0,1,0,24.443297359071074,7.628250567571671,-0.49999999999999767,-0.86602540378444
2024-09-01,norte,51520.0,2020556.0,105,0,0,1,30,0,0,0,0,0,0,0,1,0,0,0,0,1,0,25.49793225231075,7.611128000046352,-0.8660254037844388,-0.4999999999999998
2024-10-01,norte,54620.0,2074344.0,106,0,0,1,31,0,0,0,0,0,0,0,0,1,0,0,0,0,1,26.331216037455697,7.637400238102253,-1.0,3.185938619692883e-15
2024-11-01,norte,45954.0,1864789.0,107,0,0,1,32,0,0,0,0,0,0,0,0,0,1,0,0,0,1,24.643002505913536,7.530903188948251,-0.8660254037844392,0.49999999999999917
2024-12-01,norte,37521.0,1514302.0,108,0,0,1,33,0,0,0,0,0,0,0,0,0,0,1,0,0,1,24.777752390210143,7.322709885703994,-0.5000000000000044,0.866025403784436
2016-01-01,nordeste,15644.0,2712931.0,1,0,0,0,0,0,0,0,0,0,0,0,0,0,0,0,0,0,0,5.766457016415087,7.905784879235616,0.0,1.0
2016-02-01,nordeste,17905.0,3245839.0,2,0,0,0,0,1,0,0,0,0,0,0,0,0,0,0,0,0,0,5.516293322003957,8.085129147337355,0.49999999999999994,0.8660254037844387
2016-03-01,nordeste,20724.0,3917310.0,3,0,0,0,0,0,1,0,0,0,0,0,0,0,0,0,0,0,0,5.290365071949884,8.273160472734917,0.8660254037844386,0.5000000000000001
2016-04-01,nordeste,20243.0,3612813.0,4,0,0,0,0,0,0,1,0,0,0,0,0,0,0,0,1,0,0,5.603113142030877,8.192241972265963,1.0,6.123233995736766e-17
2016-05-01,nordeste,22084.0,3734558.0,5,0,0,0,0,0,0,0,1,0,0,0,0,0,0,0,1,0,0,5.913417330779171,8.22538475053741,0.8660254037844387,-0.4999999999999998
2016-06-01,nordeste,22965.0,3722032.0,6,0,0,0,0,0,0,0,0,1,0,0,0,0,0,0,1,0,0,6.170016808023145,8.222025034693448,0.49999999999999994,-0.8660254037844387
2016-07-01,nordeste,22132.0,3467744.0,7,0,0,0,0,0,0,0,0,0,1,0,0,0,0,0,0,1,0,6.382247363127151,8.151259517413369,1.2246467991473532e-16,-1.0
2016-08-01,nordeste,26138.0,4032817.0,8,0,0,0,0,0,0,0,0,0,0,1,0,0,0,0,0,1,0,6.481325584572769,8.302220418192983,-0.4999999999999997,-0.8660254037844388
2016-09-01,nordeste,23095.0,3385429.0,9,0,0,0,0,0,0,0,0,0,0,0,1,0,0,0,0,1,0,6.821882839663747,8.127235912914326,-0.8660254037844385,-0.5000000000000004
2016-10-01,nordeste,19908.0,2771680.0,10,0,0,0,0,0,0,0,0,0,0,0,0,1,0,0,0,0,1,7.182647347457138,7.927208913530631,-1.0,-1.8369701987210297e-16
2016-11-01,nordeste,17271.0,2533166.0,11,0,0,0,0,0,0,0,0,0,0,0,0,0,1,0,0,0,1,6.817950343562167,7.837225182793163,-0.8660254037844386,0.5000000000000001
2016-12-01,nordeste,13359.0,1635228.0,12,0,0,0,0,0,0,0,0,0,0,0,0,0,0,1,0,0,1,8.169502968393399,7.399537523150455,-0.5000000000000004,0.8660254037844384
2017-01-01,nordeste,24618.0,3067828.0,13,0,0,0,0,0,0,0,0,0,0,0,0,0,0,0,0,0,0,8.024569825948522,8.028725098334096,-2.4492935982947064e-16,1.0
2017-02-01,nordeste,23285.0,3359600.0,14,0,0,0,0,1,0,0,0,0,0,0,0,0,0,0,0,0,0,6.930884629122515,8.119577198251472,0.5,0.8660254037844386
2017-03-01,nordeste,29946.0,4368006.0,15,0,0,0,0,0,1,0,0,0,0,0,0,0,0,0,0,0,0,6.855759813516739,8.38206189105017,0.8660254037844384,0.5000000000000004
2017-04-01,nordeste,26570.0,3842191.0,16,0,0,0,0,0,0,1,0,0,0,0,0,0,0,0,1,0,0,6.915325136100731,8.253798055783603,1.0,1.1943401194869635e-15
2017-05-01,nordeste,35107.0,4923592.0,17,0,0,0,0,0,0,0,1,0,0,0,0,0,0,0,1,0,0,7.130363360733383,8.501793624407458,0.8660254037844392,-0.4999999999999992
2017-06-01,nordeste,32690.0,4191170.0,18,0,0,0,0,0,0,0,0,1,0,0,0,0,0,0,1,0,0,7.799731339936104,8.34073521021384,0.4999999999999998,-0.8660254037844388
2017-07-01,nordeste,31920.0,4286062.0,19,0,0,0,0,0,0,0,0,0,1,0,0,0,0,0,0,1,0,7.447395767956693,8.363123641631182,3.6739403974420594e-16,-1.0
2017-08-01,nordeste,39907.0,5043242.0,20,0,0,0,0,0,0,0,0,0,0,1,0,0,0,0,0,1,0,7.912965509091176,8.525804408234512,-0.49999999999999917,-0.8660254037844392
2017-09-01,nordeste,39539.0,4745868.0,21,0,0,0,0,0,0,0,0,0,0,0,1,0,0,0,0,1,0,8.33124730818472,8.465029623713853,-0.8660254037844387,-0.49999999999999983
2017-10-01,nordeste,43413.0,4951460.0,22,0,0,0,0,0,0,0,0,0,0,0,0,1,0,0,0,0,1,8.767716996603022,8.507437761568635,-1.0,-4.286263797015736e-16
2017-11-01,nordeste,45580.0,4876966.0,23,0,0,0,0,0,0,0,0,0,0,0,0,0,1,0,0,0,1,9.345974525965527,8.492278584186879,-0.8660254037844392,0.4999999999999991
2017-12-01,nordeste,34205.0,3336620.0,24,0,0,0,0,0,0,0,0,0,0,0,0,0,0,1,0,0,1,10.25139212736242,8.112713597529366,-0.5000000000000014,0.8660254037844378
2018-01-01,nordeste,45492.0,4578998.0,25,0,0,0,0,0,0,0,0,0,0,0,0,0,0,0,0,0,0,9.934924627615038,8.429235475880411,-4.898587196589413e-16,1.0
2018-02-01,nordeste,42465.0,4097130.0,26,0,0,0,0,1,0,0,0,0,0,0,0,0,0,0,0,0,0,10.364572273762366,8.318042007578006,0.5000000000000006,0.8660254037844383
2018-03-01,nordeste,48384.0,4950878.0,27,0,0,0,0,0,1,0,0,0,0,0,0,0,0,0,0,0,0,9.772812014353818,8.507320213571248,0.8660254037844387,0.49999999999999994
2018-04-01,nordeste,52174.0,5326631.0,28,0,0,0,0,0,0,1,0,0,0,0,0,0,0,0,1,0,0,9.794934171336442,8.580474234759901,1.0,5.51091059616309e-16
2018-05-01,nordeste,54298.0,5382408.0,29,0,0,0,0,0,0,0,1,0,0,0,0,0,0,0,1,0,0,10.088049809676264,8.590891136663272,0.8660254037844393,-0.499999999999999
2018-06-01,nordeste,50842.0,4644029.0,30,0,0,0,0,0,0,0,0,1,0,0,0,0,0,0,1,0,0,10.947821385266975,8.443337587414995,0.5,-0.8660254037844386
2018-07-01,nordeste,56226.0,5147509.0,31,0,0,0,0,0,0,0,0,0,1,0,0,0,0,0,0,1,0,10.922953218731625,8.54626818732198,2.388680238973927e-15,-1.0
2018-08-01,nordeste,64210.0,5794043.0,32,0,0,0,0,0,0,0,0,0,0,1,0,0,0,0,0,1,0,11.082071707096409,8.664585599772243,-0.49999999999999895,-0.8660254037844393
2018-09-01,nordeste,56129.0,5028544.0,33,0,0,0,0,0,0,0,0,0,0,0,1,0,0,0,0,1,0,11.162077929515979,8.522885757970544,-0.8660254037844377,-0.5000000000000016
2018-10-01,nordeste,62723.0,5591640.0,34,0,0,0,0,0,0,0,0,0,0,0,0,1,0,0,0,0,1,11.217281513116008,8.62902790415891,-1.0,1.1028010998692062e-15
2018-11-01,nordeste,53483.0,4671650.0,35,0,0,0,0,0,0,0,0,0,0,0,0,0,1,0,0,0,1,11.44841758265281,8.449267607318278,-0.8660254037844384,0.5000000000000004
2018-12-01,nordeste,45215.0,3694131.0,36,0,0,0,0,0,0,0,0,0,0,0,0,0,0,1,0,0,1,12.239685057189362,8.214500623043223,-0.5000000000000001,0.8660254037844386
2019-01-01,nordeste,63753.0,5728520.0,37,0,0,0,0,0,0,0,0,0,0,0,0,0,0,0,0,0,0,11.129052530147401,8.65321248664294,-7.347880794884119e-16,1.0
2019-02-01,nordeste,65310.0,5834459.0,38,0,0,0,0,1,0,0,0,0,0,0,0,0,0,0,0,0,0,11.193839908721614,8.671536824055476,0.49999999999999883,0.8660254037844393
2019-03-01,nordeste,42734.0,3777558.0,39,0,0,0,0,0,1,0,0,0,0,0,0,0,0,0,0,0,0,11.312599303571249,8.236833048099175,0.8660254037844377,0.5000000000000017
2019-04-01,nordeste,54755.0,5322322.0,40,0,0,0,0,0,0,1,0,0,0,0,0,0,0,0,1,0,0,10.28780295517633,8.579664953277454,1.0,2.57237725884603e-15
2019-05-01,nordeste,61157.0,5762422.0,41,0,0,0,0,0,0,0,1,0,0,0,0,0,0,0,1,0,0,10.61307207281938,8.659113151421538,0.8660254037844385,-0.5000000000000003
2019-06-01,nordeste,50560.0,4433343.0,42,0,0,0,0,0,0,0,0,1,0,0,0,0,0,0,1,0,0,11.40448641127023,8.396909205990486,0.5000000000000033,-0.8660254037844367
2019-07-01,nordeste,67441.0,5668036.0,43,0,0,0,0,0,0,0,0,0,1,0,0,0,0,0,0,1,0,11.898477709033605,8.64259795223712,8.572527594031472e-16,-1.0
2019-08-01,nordeste,70344.0,5602920.0,44,0,0,0,0,0,0,0,0,0,0,1,0,0,0,0,0,1,0,12.554882097192177,8.63104316939803,-0.4999999999999987,-0.8660254037844394
2019-09-01,nordeste,68621.0,5409725.0,45,0,0,0,0,0,0,0,0,0,0,0,1,0,0,0,0,1,0,12.684748300514352,8.595953538755571,-0.8660254037844376,-0.5000000000000018
2019-10-01,nordeste,75236.0,5756442.0,46,0,0,0,0,0,0,0,0,0,0,0,0,1,0,0,0,0,1,13.069878928685462,8.65807485449621,-1.0,8.578717400397356e-16
2019-11-01,nordeste,67187.0,4916525.0,47,0,0,0,0,0,0,0,0,0,0,0,0,0,1,0,0,0,1,13.665546295401732,8.500357259125416,-0.8660254037844403,0.4999999999999971
2019-12-01,nordeste,53708.0,3532972.0,48,0,0,0,0,0,0,0,0,0,0,0,0,0,0,1,0,0,1,15.201931971156297,8.16989472205177,-0.5000000000000003,0.8660254037844385
2020-01-01,nordeste,73003.0,4741530.0,49,0,0,0,0,0,0,0,0,0,0,0,0,0,0,0,0,0,0,15.396507034649154,8.46411514741544,-9.797174393178826e-16,1.0
2020-02-01,nordeste,66744.0,4327424.0,50,0,0,0,0,1,0,0,0,0,0,0,0,0,0,0,0,0,0,15.42349443918599,8.372727724793318,0.4999999999999986,0.8660254037844395
2020-03-01,nordeste,71440.0,4324852.0,51,0,0,0,0,0,1,0,0,0,0,0,0,0,0,0,0,0,0,16.518484331949395,8.372133199127294,0.8660254037844393,0.49999999999999883
2020-04-01,nordeste,61318.0,2685300.0,52,1,1,0,0,0,0,1,0,0,0,0,0,0,0,0,1,0,0,22.83469258555841,7.895547732545003,1.0,2.8173066186755008e-15
2020-05-01,nordeste,64097.0,3118733.0,53,1,2,0,0,0,0,0,1,0,0,0,0,0,0,0,1,0,0,20.55225631690818,8.04518210858317,0.8660254037844386,-0.5000000000000001
2020-06-01,nordeste,71654.0,3687761.0,54,1,3,0,0,0,0,0,0,1,0,0,0,0,0,0,1,0,0,19.430217956098563,8.21277477780433,0.5000000000000004,-0.8660254037844384
2020-07-01,nordeste,86929.0,4589493.0,55,1,4,0,0,0,0,0,0,0,1,0,0,0,0,0,0,1,0,18.940872118118495,8.43152483943737,1.102182119232618e-15,-1.0
2020-08-01,nordeste,87500.0,4598839.0,56,1,5,0,0,0,0,0,0,0,0,1,0,0,0,0,0,1,0,19.02654126400163,8.433559159316793,-0.5000000000000016,-0.8660254037844377
2020-09-01,nordeste,98595.0,5069403.0,57,1,6,0,0,0,0,0,0,0,0,0,1,0,0,0,0,1,0,19.449035714856365,8.53097833817269,-0.8660254037844375,-0.500000000000002
2020-10-01,nordeste,87307.0,4685684.0,58,1,7,0,0,0,0,0,0,0,0,0,0,1,0,0,0,0,1,18.632711894357367,8.4522671818814,-1.0,-2.939771298590236e-15
2020-11-01,nordeste,91269.0,4511432.0,59,1,8,0,0,0,0,0,0,0,0,0,0,0,1,0,0,0,1,20.230605271230953,8.4143698987287,-0.8660254037844386,0.5
2020-12-01,nordeste,78001.0,3545271.0,60,1,9,0,0,0,0,0,0,0,0,0,0,0,0,1,0,0,1,22.001421047925533,8.173369881742572,-0.5000000000000006,0.8660254037844384
2021-01-01,nordeste,83505.0,3912195.0,61,1,10,0,0,0,0,0,0,0,0,0,0,0,0,0,0,0,0,21.34479492970059,8.271853876538174,-4.777360477947854e-15,1.0
2021-02-01,nordeste,84788.0,4272415.0,62,1,11,0,0,1,0,0,0,0,0,0,0,0,0,0,0,0,0,19.845450406854205,8.359934520116596,0.4999999999999984,0.8660254037844396
2021-03-01,nordeste,96093.0,5132302.0,63,1,12,0,0,0,1,0,0,0,0,0,0,0,0,0,0,0,0,18.72317724093399,8.543309570457767,0.8660254037844374,0.5000000000000021
2021-04-01,nordeste,90111.0,4760230.0,64,1,13,0,0,0,0,1,0,0,0,0,0,0,0,0,1,0,0,18.92996766962941,8.468051265385856,1.0,-4.904777002955296e-16
2021-05-01,nordeste,97038.0,5572818.0,65,1,14,0,0,0,0,0,1,0,0,0,0,0,0,0,1,0,0,17.41273445499207,8.625656129580682,0.8660254037844405,-0.49999999999999684
2021-06-01,nordeste,99384.0,5217344.0,66,1,15,0,0,0,0,0,0,1,0,0,0,0,0,0,1,0,0,19.04877270887256,8.559743739127263,0.5000000000000007,-0.8660254037844383
2021-07-01,nordeste,113927.0,5592577.0,67,1,16,0,0,0,0,0,0,0,1,0,0,0,0,0,0,1,0,20.371109776405405,8.629195461709376,-2.2056021997384123e-15,-1.0
2021-08-01,nordeste,126574.0,5989165.0,68,1,17,0,0,0,0,0,0,0,0,1,0,0,0,0,0,1,0,21.133830842863738,8.697707282394221,-0.4999999999999983,-0.8660254037844396
2021-09-01,nordeste,122825.0,5471758.0,69,1,18,0,0,0,0,0,0,0,0,0,1,0,0,0,0,1,0,22.447081906765614,8.607355233178227,-0.8660254037844392,-0.49999999999999917
2021-10-01,nordeste,113613.0,5267265.0,70,1,19,0,0,0,0,0,0,0,0,0,0,1,0,0,0,0,1,21.569638132883004,8.569266531489031,-1.0,-3.1847006584197066e-15
2021-11-01,nordeste,117566.0,5556911.0,71,1,20,0,0,0,0,0,0,0,0,0,0,0,1,0,0,0,1,21.156718183897492,8.622797657315784,-0.8660254037844388,0.4999999999999998
2021-12-01,nordeste,104336.0,4809157.0,72,1,21,0,0,0,0,0,0,0,0,0,0,0,0,1,0,0,1,21.695278403262776,8.47827708786474,-0.49999999999999767,0.86602540378444
2022-01-01,nordeste,99280.0,5460054.0,73,1,22,0,0,0,0,0,0,0,0,0,0,0,0,0,0,0,0,18.18297035157528,8.605213958799935,-1.4695761589768238e-15,1.0
2022-02-01,nordeste,123645.0,5533135.0,74,1,23,0,0,1,0,0,0,0,0,0,0,0,0,0,0,0,0,22.34628289387481,8.618509841660641,0.4999999999999951,0.8660254037844415
2022-03-01,nordeste,142135.0,6338631.0,75,1,24,0,0,0,1,0,0,0,0,0,0,0,0,0,0,0,0,22.42361165999409,8.754418093515534,0.8660254037844373,0.5000000000000023
2022-04-01,nordeste,118704.0,5602314.0,76,0,0,1,1,0,0,1,0,0,0,0,0,0,0,0,1,0,0,21.188387512731346,8.630935005659444,1.0,-2.45548340466059e-16
2022-05-01,nordeste,144605.0,6681635.0,77,0,0,1,2,0,0,0,1,0,0,0,0,0,0,0,1,0,0,21.64215794487427,8.807117997060773,0.8660254037844406,-0.4999999999999966
2022-06-01,nordeste,126022.0,5774024.0,78,0,0,1,3,0,0,0,0,1,0,0,0,0,0,0,1,0,0,21.825679976390816,8.661124516778148,0.5000000000000009,-0.8660254037844382
2022-07-01,nordeste,137585.0,6258658.0,79,0,0,1,4,0,0,0,0,0,1,0,0,0,0,0,0,1,0,21.98314718586636,8.741721064115307,5.14475451769206e-15,-1.0
2022-08-01,nordeste,184554.0,7967896.0,80,0,0,1,5,0,0,0,0,0,0,1,0,0,0,0,0,1,0,23.162199908231734,8.983175746970417,-0.4999999999999981,-0.8660254037844397
2022-09-01,nordeste,173529.0,6571525.0,81,0,0,1,6,0,0,0,0,0,0,0,1,0,0,0,0,1,0,26.406199474246844,8.790501200221302,-0.866025403784439,-0.49999999999999933
2022-10-01,nordeste,164470.0,6408453.0,82,0,0,1,7,0,0,0,0,0,0,0,0,1,0,0,0,0,1,25.664540256439423,8.765373179133466,-1.0,-3.4296300182491773e-15
2022-11-01,nordeste,160425.0,6543094.0,83,0,0,1,8,0,0,0,0,0,0,0,0,0,1,0,0,0,1,24.518217222616702,8.786165421265089,-0.8660254037844425,0.4999999999999934
2022-12-01,nordeste,146308.0,5774686.0,84,0,0,1,9,0,0,0,0,0,0,0,0,0,0,1,0,0,1,25.33609619639925,8.661239161617395,-0.4999999999999979,0.8660254037844398
2023-01-01,nordeste,172064.0,6056221.0,85,0,0,1,10,0,0,0,0,0,0,0,0,0,0,0,0,0,0,28.411116437131337,8.708841287185919,-1.7145055188062944e-15,1.0
2023-02-01,nordeste,166710.0,5830272.0,86,0,0,1,11,1,0,0,0,0,0,0,0,0,0,0,0,0,0,28.59386320226569,8.670818933487778,0.5000000000000011,0.866025403784438
2023-03-01,nordeste,200825.0,7791481.0,87,0,0,1,12,0,1,0,0,0,0,0,0,0,0,0,0,0,0,25.77494573881397,8.960786236327861,0.8660254037844372,0.5000000000000026
2023-04-01,nordeste,174083.0,7058523.0,88,0,0,1,13,0,0,1,0,0,0,0,0,0,0,0,1,0,0,24.662808352398937,8.861991101801626,1.0,7.1048083769644134e-15
2023-05-01,nordeste,237858.0,8297202.0,89,0,0,1,14,0,0,0,1,0,0,0,0,0,0,0,1,0,0,28.667254334654018,9.023673628517134,0.8660254037844407,-0.4999999999999964
2023-06-01,nordeste,170690.0,6078086.0,90,0,0,1,15,0,0,0,0,1,0,0,0,0,0,0,1,0,0,28.0828537141462,8.712445122767884,0.5000000000000011,-0.866025403784438
2023-07-01,nordeste,205880.0,7206695.0,91,0,0,1,16,0,0,0,0,0,1,0,0,0,0,0,0,1,0,28.567880283541903,8.882765734062227,-1.7157434800794711e-15,-1.0
2023-08-01,nordeste,233414.0,8272703.0,92,0,0,1,17,0,0,0,0,0,0,1,0,0,0,0,0,1,0,28.21496190543768,9.020716578630378,-0.4999999999999979,-0.8660254037844398
2023-09-01,nordeste,202595.0,6526763.0,93,0,0,1,18,0,0,0,0,0,0,0,1,0,0,0,0,1,0,31.0406552221982,8.783666387266607,-0.8660254037844354,-0.5000000000000058
2023-10-01,nordeste,219452.0,7170517.0,94,0,0,1,19,0,0,0,0,0,0,0,0,1,0,0,0,0,1,30.604766713474078,8.877733036991364,-1.0,-3.674559378078648e-15
2023-11-01,nordeste,214741.0,7075563.0,95,0,0,1,20,0,0,0,0,0,0,0,0,0,1,0,0,0,1,30.34966970119551,8.86440229531717,-0.866025403784439,0.49999999999999933
2023-12-01,nordeste,171896.0,5663951.0,96,0,0,1,21,0,0,0,0,0,0,0,0,0,0,1,0,0,1,30.349132610787063,8.64187698420619,-0.4999999999999981,0.8660254037844397
2024-01-01,nordeste,226318.0,6596638.0,97,0,0,1,22,0,0,0,0,0,0,0,0,0,0,0,0,0,0,34.30808238984768,8.794315404289954,-1.959434878635765e-15,1.0
2024-02-01,nordeste,202364.0,6195667.0,98,0,0,1,23,1,0,0,0,0,0,0,0,0,0,0,0,0,0,32.66218148909552,8.731605455741285,0.49999999999999467,0.8660254037844417
2024-03-01,nordeste,201410.0,6849437.0,99,0,0,1,24,0,1,0,0,0,0,0,0,0,0,0,0,0,0,29.40533652619916,8.831921738097483,0.866025403784437,0.5000000000000028
2024-04-01,nordeste,252326.0,8736530.0,100,0,0,1,25,0,0,1,0,0,0,0,0,0,0,0,1,0,0,28.881718485485656,9.075268364642596,1.0,2.443103791928823e-16
2024-05-01,nordeste,234406.0,7198549.0,101,0,0,1,26,0,0,0,1,0,0,0,0,0,0,0,1,0,0,32.56295122808777,8.881634756916919,0.8660254037844373,-0.5000000000000023
2024-06-01,nordeste,217918.0,6478604.0,102,0,0,1,27,0,0,0,0,1,0,0,0,0,0,0,1,0,0,33.636567383961115,8.776260334038726,0.5000000000000012,-0.8660254037844379
2024-07-01,nordeste,258344.0,7581822.0,103,0,0,1,28,0,0,0,0,0,1,0,0,0,0,0,0,1,0,34.074131521420576,8.933508819145462,5.6346132373510016e-15,-1.0
2024-08-01,nordeste,256304.0,7784584.0,104,0,0,1,29,0,0,0,0,0,0,1,0,0,0,0,0,1,0,32.924559616801616,8.959900646745286,-0.49999999999999767,-0.86602540378444
2024-09-01,nordeste,261634.0,7814640.0,105,0,0,1,30,0,0,0,0,0,0,0,1,0,0,0,0,1,0,33.47998116355968,8.963754176535423,-0.8660254037844388,-0.4999999999999998
2024-10-01,nordeste,265039.0,7887348.0,106,0,0,1,31,0,0,0,0,0,0,0,0,1,0,0,0,0,1,33.603056439249286,8.973015235665365,-1.0,3.185938619692883e-15
2024-11-01,nordeste,227451.0,6796716.0,107,0,0,1,32,0,0,0,0,0,0,0,0,0,1,0,0,0,1,33.46483801883145,8.824194833334078,-0.8660254037844392,0.49999999999999917
2024-12-01,nordeste,181171.0,5461611.0,108,0,0,1,33,0,0,0,0,0,0,0,0,0,0,1,0,0,1,33.17171435314598,8.605499080163856,-0.5000000000000044,0.866025403784436
2016-01-01,centro_oeste,5311.0,485404.0,1,0,0,0,0,0,0,0,0,0,0,0,0,0,0,0,0,0,0,10.941401389358143,6.184981533884835,0.0,1.0
2016-02-01,centro_oeste,6743.0,604575.0,2,0,0,0,0,1,0,0,0,0,0,0,0,0,0,0,0,0,0,11.153289500889054,6.404525731837774,0.49999999999999994,0.8660254037844387
2016-03-01,centro_oeste,7537.0,742738.0,3,0,0,0,0,0,1,0,0,0,0,0,0,0,0,0,0,0,0,10.147589055629307,6.610343358035833,0.8660254037844386,0.5000000000000001
2016-04-01,centro_oeste,7077.0,677673.0,4,0,0,0,0,0,0,1,0,0,0,0,0,0,0,0,1,0,0,10.443089808801592,6.518664870710958,1.0,6.123233995736766e-17
2016-05-01,centro_oeste,8278.0,716658.0,5,0,0,0,0,0,0,0,1,0,0,0,0,0,0,0,1,0,0,11.550837358963411,6.574598739357222,0.8660254037844387,-0.4999999999999998
2016-06-01,centro_oeste,10045.0,840104.0,6,0,0,0,0,0,0,0,0,1,0,0,0,0,0,0,1,0,0,11.956852961061964,6.733525693697402,0.49999999999999994,-0.8660254037844387
2016-07-01,centro_oeste,8973.0,734118.0,7,0,0,0,0,0,0,0,0,0,1,0,0,0,0,0,0,1,0,12.222830662100645,6.598669778636318,1.2246467991473532e-16,-1.0
2016-08-01,centro_oeste,11077.0,918959.0,8,0,0,0,0,0,0,0,0,0,0,1,0,0,0,0,0,1,0,12.053856592078645,6.823241507649911,-0.4999999999999997,-0.8660254037844388
2016-09-01,centro_oeste,9979.0,913647.0,9,0,0,0,0,0,0,0,0,0,0,0,1,0,0,0,0,1,0,10.922161403693112,6.817444282412131,-0.8660254037844385,-0.5000000000000004
2016-10-01,centro_oeste,8601.0,710330.0,10,0,0,0,0,0,0,0,0,0,0,0,0,1,0,0,0,0,1,12.108456632832628,6.56572965078693,-1.0,-1.8369701987210297e-16
2016-11-01,centro_oeste,7778.0,691712.0,11,0,0,0,0,0,0,0,0,0,0,0,0,0,1,0,0,0,1,11.24456421169504,6.53916968401757,-0.8660254037844386,0.5000000000000001
2016-12-01,centro_oeste,6365.0,554631.0,12,0,0,0,0,0,0,0,0,0,0,0,0,0,0,1,0,0,1,11.476098523162246,6.318303027760909,-0.5000000000000004,0.8660254037844384
2017-01-01,centro_oeste,9493.0,736849.0,13,0,0,0,0,0,0,0,0,0,0,0,0,0,0,0,0,0,0,12.883236592571883,6.602382986530035,-2.4492935982947064e-16,1.0
2017-02-01,centro_oeste,9058.0,691277.0,14,0,0,0,0,1,0,0,0,0,0,0,0,0,0,0,0,0,0,13.103285658281703,6.538540611748238,0.5,0.8660254037844386
2017-03-01,centro_oeste,11088.0,897569.0,15,0,0,0,0,0,1,0,0,0,0,0,0,0,0,0,0,0,0,12.353367819075748,6.799689997630142,0.8660254037844384,0.5000000000000004
2017-04-01,centro_oeste,10283.0,798357.0,16,0,0,0,0,0,0,1,0,0,0,0,0,0,0,0,1,0,0,12.88020271632866,6.682555865831445,1.0,1.1943401194869635e-15
2017-05-01,centro_oeste,13683.0,975530.0,17,0,0,0,0,0,0,0,1,0,0,0,0,0,0,0,1,0,0,14.026221643619367,6.882980913050052,0.8660254037844392,-0.4999999999999992
2017-06-01,centro_oeste,12389.0,841414.0,18,0,0,0,0,0,0,0,0,1,0,0,0,0,0,0,1,0,0,14.724024083269354,6.735083809953103,0.4999999999999998,-0.8660254037844388
2017-07-01,centro_oeste,12488.0,823041.0,19,0,0,0,0,0,0,0,0,0,1,0,0,0,0,0,0,1,0,15.172998671998114,6.713006017176183,3.6739403974420594e-16,-1.0
2017-08-01,centro_oeste,16903.0,1009525.0,20,0,0,0,0,0,0,0,0,0,0,1,0,0,0,0,0,1,0,16.743517991134446,6.917235202181269,-0.49999999999999917,-0.8660254037844392
2017-09-01,centro_oeste,16539.0,945042.0,21,0,0,0,0,0,0,0,0,0,0,0,1,0,0,0,0,1,0,17.50080948783229,6.851229370950562,-0.8660254037844387,-0.49999999999999983
2017-10-01,centro_oeste,18188.0,980394.0,22,0,0,0,0,0,0,0,0,0,0,0,0,1,0,0,0,0,1,18.551725122756768,6.887954531684191,-1.0,-4.286263797015736e-16
2017-11-01,centro_oeste,18415.0,956638.0,23,0,0,0,0,0,0,0,0,0,0,0,0,0,1,0,0,0,1,19.24970574031138,6.863425054479799,-0.8660254037844392,0.4999999999999991
2017-12-01,centro_oeste,14446.0,759596.0,24,0,0,0,0,0,0,0,0,0,0,0,0,0,0,1,0,0,1,19.018004307552964,6.632786712994829,-0.5000000000000014,0.8660254037844378
2018-01-01,centro_oeste,20616.0,1059080.0,25,0,0,0,0,0,0,0,0,0,0,0,0,0,0,0,0,0,0,19.46595158061714,6.965155885713242,-4.898587196589413e-16,1.0
2018-02-01,centro_oeste,20384.0,1011123.0,26,0,0,0,0,1,0,0,0,0,0,0,0,0,0,0,0,0,0,20.15976295663337,6.918816873341353,0.5000000000000006,0.8660254037844383
2018-03-01,centro_oeste,23709.0,1211151.0,27,0,0,0,0,0,1,0,0,0,0,0,0,0,0,0,0,0,0,19.575593794663096,7.099326426118461,0.8660254037844387,0.49999999999999994
2018-04-01,centro_oeste,24507.0,1293344.0,28,0,0,0,0,0,0,1,0,0,0,0,0,0,0,0,1,0,0,18.94855506346339,7.16498639133788,1.0,5.51091059616309e-16
2018-05-01,centro_oeste,25896.0,1284953.0,29,0,0,0,0,0,0,0,1,0,0,0,0,0,0,0,1,0,0,20.153266306238436,7.15847742078492,0.8660254037844393,-0.499999999999999
2018-06-01,centro_oeste,26381.0,1175692.0,30,0,0,0,0,0,0,0,0,1,0,0,0,0,0,0,1,0,0,22.438699931614742,7.0696121893936255,0.5,-0.8660254037844386
2018-07-01,centro_oeste,27010.0,1230617.0,31,0,0,0,0,0,0,0,0,0,1,0,0,0,0,0,0,1,0,21.94833973527101,7.115270948610452,2.388680238973927e-15,-1.0
2018-08-01,centro_oeste,31978.0,1440263.0,32,0,0,0,0,0,0,0,0,0,0,1,0,0,0,0,0,1,0,22.202889333406468,7.272581014782483,-0.49999999999999895,-0.8660254037844393
2018-09-01,centro_oeste,28293.0,1267034.0,33,0,0,0,0,0,0,0,0,0,0,0,1,0,0,0,0,1,0,22.330103217435365,7.144434015004496,-0.8660254037844377,-0.5000000000000016
2018-10-01,centro_oeste,31895.0,1443295.0,34,0,0,0,0,0,0,0,0,0,0,0,0,1,0,0,0,0,1,22.098739342961768,7.274683973084278,-1.0,1.1028010998692062e-15
2018-11-01,centro_oeste,25868.0,1188338.0,35,0,0,0,0,0,0,0,0,0,0,0,0,0,1,0,0,0,1,21.768217460015585,7.0803109712413,-0.8660254037844384,0.5000000000000004
2018-12-01,centro_oeste,19808.0,915454.0,36,0,0,0,0,0,0,0,0,0,0,0,0,0,0,1,0,0,1,21.637351521758603,6.8194201170848645,-0.5000000000000001,0.8660254037844386
2019-01-01,centro_oeste,26873.0,1275159.0,37,0,0,0,0,0,0,0,0,0,0,0,0,0,0,0,0,0,0,21.07423466406934,7.150826155699748,-7.347880794884119e-16,1.0
2019-02-01,centro_oeste,31627.0,1459111.0,38,0,0,0,0,1,0,0,0,0,0,0,0,0,0,0,0,0,0,21.675527084642635,7.285582625135398,0.49999999999999883,0.8660254037844393
2019-03-01,centro_oeste,25015.0,1177864.0,39,0,0,0,0,0,1,0,0,0,0,0,0,0,0,0,0,0,0,21.237596191071294,7.071457907631567,0.8660254037844377,0.5000000000000017
2019-04-01,centro_oeste,29342.0,1472130.0,40,0,0,0,0,0,0,1,0,0,0,0,0,0,0,0,1,0,0,19.931663643835805,7.294465610606654,1.0,2.57237725884603e-15
2019-05-01,centro_oeste,32134.0,1585343.0,41,0,0,0,0,0,0,0,1,0,0,0,0,0,0,0,1,0,0,20.26943065317726,7.368556066684948,0.8660254037844385,-0.5000000000000003
2019-06-01,centro_oeste,27286.0,1284892.0,42,0,0,0,0,0,0,0,0,1,0,0,0,0,0,0,1,0,0,21.23602606289089,7.158429947104592,0.5000000000000033,-0.8660254037844367
2019-07-01,centro_oeste,33764.0,1511312.0,43,0,0,0,0,0,0,0,0,0,1,0,0,0,0,0,0,1,0,22.340853510062782,7.320733426728499,8.572527594031472e-16,-1.0
2019-08-01,centro_oeste,37002.0,1522138.0,44,0,0,0,0,0,0,0,0,0,0,1,0,0,0,0,0,1,0,24.309228204013042,7.327871204482167,-0.4999999999999987,-0.8660254037844394
2019-09-01,centro_oeste,35782.0,1406952.0,45,0,0,0,0,0,0,0,0,0,0,0,1,0,0,0,0,1,0,25.432281982612057,7.2491809413938615,-0.8660254037844376,-0.5000000000000018
2019-10-01,centro_oeste,37376.0,1488005.0,46,0,0,0,0,0,0,0,0,0,0,0,0,1,0,0,0,0,1,25.118195167354948,7.3051915756024455,-1.0,8.578717400397356e-16
2019-11-01,centro_oeste,31414.0,1292890.0,47,0,0,0,0,0,0,0,0,0,0,0,0,0,1,0,0,0,1,24.297504041333756,7.16463530168036,-0.8660254037844403,0.4999999999999971
2019-12-01,centro_oeste,24284.0,972469.0,48,0,0,0,0,0,0,0,0,0,0,0,0,0,0,1,0,0,1,24.971490093771628,6.879838198377848,-0.5000000000000003,0.8660254037844385
2020-01-01,centro_oeste,31942.0,1286079.0,49,0,0,0,0,0,0,0,0,0,0,0,0,0,0,0,0,0,0,24.836732424679976,7.159353333703928,-9.797174393178826e-16,1.0
2020-02-01,centro_oeste,30238.0,1252723.0,50,0,0,0,0,1,0,0,0,0,0,0,0,0,0,0,0,0,0,24.137818176883478,7.1330748610232595,0.4999999999999986,0.8660254037844395
2020-03-01,centro_oeste,32441.0,1310349.0,51,0,0,0,0,0,1,0,0,0,0,0,0,0,0,0,0,0,0,24.75752642998163,7.178048792927505,0.8660254037844393,0.49999999999999883
2020-04-01,centro_oeste,26767.0,873237.0,52,1,1,0,0,0,0,1,0,0,0,0,0,0,0,0,1,0,0,30.65261778875609,6.772206996659439,1.0,2.8173066186755008e-15
2020-05-01,centro_oeste,30537.0,1042159.0,53,1,2,0,0,0,0,0,1,0,0,0,0,0,0,0,1,0,0,29.301670858285537,6.949049801843289,0.8660254037844386,-0.5000000000000001
2020-06-01,centro_oeste,34160.0,1256183.0,54,1,3,0,0,0,0,0,0,1,0,0,0,0,0,0,1,0,0,27.193490120468116,7.13583303705178,0.5000000000000004,-0.8660254037844384
2020-07-01,centro_oeste,34917.0,1449457.0,55,1,4,0,0,0,0,0,0,0,1,0,0,0,0,0,0,1,0,24.089710836540856,7.278944282519821,1.102182119232618e-15,-1.0
2020-08-01,centro_oeste,33182.0,1397664.0,56,1,5,0,0,0,0,0,0,0,0,1,0,0,0,0,0,1,0,23.74104219612153,7.242557550559025,-0.5000000000000016,-0.8660254037844377
2020-09-01,centro_oeste,36187.0,1402378.0,57,1,6,0,0,0,0,0,0,0,0,0,1,0,0,0,0,1,0,25.804027159581796,7.245924646090936,-0.8660254037844375,-0.500000000000002
2020-10-01,centro_oeste,35990.0,1343929.0,58,1,7,0,0,0,0,0,0,0,0,0,0,1,0,0,0,0,1,26.77968851033053,7.203352692306727,-1.0,-2.939771298590236e-15
2020-11-01,centro_oeste,34667.0,1339597.0,59,1,8,0,0,0,0,0,0,0,0,0,0,0,1,0,0,0,1,25.878678438366165,7.2001241014430715,-0.8660254037844386,0.5
2020-12-01,centro_oeste,25809.0,1070581.0,60,1,9,0,0,0,0,0,0,0,0,0,0,0,0,1,0,0,1,24.107470616422297,6.975956770744076,-0.5000000000000006,0.8660254037844384
2021-01-01,centro_oeste,30780.0,1247466.0,61,1,10,0,0,0,0,0,0,0,0,0,0,0,0,0,0,0,0,24.6740191716648,7.128869572745245,-4.777360477947854e-15,1.0
2021-02-01,centro_oeste,33342.0,1315575.0,62,1,11,0,0,1,0,0,0,0,0,0,0,0,0,0,0,0,0,25.344051080326093,7.182029111397954,0.4999999999999984,0.8660254037844396
2021-03-01,centro_oeste,37439.0,1602916.0,63,1,12,0,0,0,1,0,0,0,0,0,0,0,0,0,0,0,0,23.35680721884366,7.3795797494898085,0.8660254037844374,0.5000000000000021
2021-04-01,centro_oeste,35166.0,1406009.0,64,1,13,0,0,0,0,1,0,0,0,0,0,0,0,0,1,0,0,25.011219700585134,7.248510473488103,1.0,-4.904777002955296e-16
2021-05-01,centro_oeste,40167.0,1726725.0,65,1,14,0,0,0,0,0,1,0,0,0,0,0,0,0,1,0,0,23.26195543586848,7.453981829798543,0.8660254037844405,-0.49999999999999684
2021-06-01,centro_oeste,40997.0,1620626.0,66,1,15,0,0,0,0,0,0,1,0,0,0,0,0,0,1,0,0,25.29701485722184,7.390567773338631,0.5000000000000007,-0.8660254037844383
2021-07-01,centro_oeste,41838.0,1631010.0,67,1,16,0,0,0,0,0,0,0,1,0,0,0,0,0,0,1,0,25.651590119006016,7.396954733810066,-2.2056021997384123e-15,-1.0
2021-08-01,centro_oeste,48398.0,1755433.0,68,1,17,0,0,0,0,0,0,0,0,1,0,0,0,0,0,1,0,27.5704057061705,7.470470829115416,-0.4999999999999983,-0.8660254037844396
2021-09-01,centro_oeste,47793.0,1638926.0,69,1,18,0,0,0,0,0,0,0,0,0,1,0,0,0,0,1,0,29.16117018095997,7.40179642824317,-0.8660254037844392,-0.49999999999999917
2021-10-01,centro_oeste,44161.0,1577021.0,70,1,19,0,0,0,0,0,0,0,0,0,0,1,0,0,0,0,1,28.002797679929436,7.363292903297965,-1.0,-3.1847006584197066e-15
2021-11-01,centro_oeste,45613.0,1641417.0,71,1,20,0,0,0,0,0,0,0,0,0,0,0,1,0,0,0,1,27.78879468166834,7.403315172154285,-0.8660254037844388,0.4999999999999998
2021-12-01,centro_oeste,39117.0,1540038.0,72,1,21,0,0,0,0,0,0,0,0,0,0,0,0,1,0,0,1,25.400022596845012,7.339562370427919,-0.49999999999999767,0.86602540378444
2022-01-01,centro_oeste,35414.0,2010087.0,73,1,22,0,0,0,0,0,0,0,0,0,0,0,0,0,0,0,0,17.618142896302498,7.605933283698504,-1.4695761589768238e-15,1.0
2022-02-01,centro_oeste,42363.0,1776365.0,74,1,23,0,0,1,0,0,0,0,0,0,0,0,0,0,0,0,0,23.848139318214447,7.482324420454199,0.4999999999999951,0.8660254037844415
2022-03-01,centro_oeste,55660.0,2020610.0,75,1,24,0,0,0,1,0,0,0,0,0,0,0,0,0,0,0,0,27.546137057621213,7.611154725006427,0.8660254037844373,0.5000000000000023
2022-04-01,centro_oeste,48584.0,1779598.0,76,0,0,1,1,0,0,1,0,0,0,0,0,0,0,0,1,0,0,27.30054765177304,7.4841427750832,1.0,-2.45548340466059e-16
2022-05-01,centro_oeste,58554.0,2197944.0,77,0,0,1,2,0,0,0,1,0,0,0,0,0,0,0,1,0,0,26.640351164542864,7.695277656931998,0.8660254037844406,-0.4999999999999966
2022-06-01,centro_oeste,51096.0,2231259.0,78,0,0,1,3,0,0,0,0,1,0,0,0,0,0,0,1,0,0,22.90007569717366,7.710321279133259,0.5000000000000009,-0.8660254037844382
2022-07-01,centro_oeste,50943.0,2022811.0,79,0,0,1,4,0,0,0,0,0,1,0,0,0,0,0,0,1,0,25.184260912166287,7.612243407197766,5.14475451769206e-15,-1.0
2022-08-01,centro_oeste,65627.0,2254833.0,80,0,0,1,5,0,0,0,0,0,0,1,0,0,0,0,0,1,0,29.105037934073167,7.7208311915447085,-0.4999999999999981,-0.8660254037844397
2022-09-01,centro_oeste,62514.0,2041206.0,81,0,0,1,6,0,0,0,0,0,0,0,1,0,0,0,0,1,0,30.626012269217316,7.62129608863288,-0.866025403784439,-0.49999999999999933
2022-10-01,centro_oeste,55909.0,1951544.0,82,0,0,1,7,0,0,0,0,0,0,0,0,1,0,0,0,0,1,28.648598238113003,7.5763761331253985,-1.0,-3.4296300182491773e-15
2022-11-01,centro_oeste,54680.0,2006280.0,83,0,0,1,8,0,0,0,0,0,0,0,0,0,1,0,0,0,1,27.254421117690452,7.604037540037555,-0.8660254037844425,0.4999999999999934
2022-12-01,centro_oeste,44890.0,1820501.0,84,0,0,1,9,0,0,0,0,0,0,0,0,0,0,1,0,0,1,24.65804742760372,7.50686701691498,-0.4999999999999979,0.8660254037844398
2023-01-01,centro_oeste,60877.0,2072288.0,85,0,0,1,10,0,0,0,0,0,0,0,0,0,0,0,0,0,0,29.3767082567674,7.636408589859301,-1.7145055188062944e-15,1.0
2023-02-01,centro_oeste,55426.0,1888234.0,86,0,0,1,11,1,0,0,0,0,0,0,0,0,0,0,0,0,0,29.353353450896446,7.543397279703401,0.5000000000000011,0.866025403784438
2023-03-01,centro_oeste,71127.0,2588768.0,87,0,0,1,12,0,1,0,0,0,0,0,0,0,0,0,0,0,0,27.475231461451934,7.858937365848345,0.8660254037844372,0.5000000000000026
2023-04-01,centro_oeste,56631.0,2186160.0,88,0,0,1,13,0,0,1,0,0,0,0,0,0,0,0,1,0,0,25.904325392468987,7.689901859104664,1.0,7.1048083769644134e-15
2023-05-01,centro_oeste,70278.0,2555820.0,89,0,0,1,14,0,0,0,1,0,0,0,0,0,0,0,1,0,0,27.497241589783318,7.8461283904824315,0.8660254037844407,-0.4999999999999964
2023-06-01,centro_oeste,64121.0,2191454.0,90,0,0,1,15,0,0,0,0,1,0,0,0,0,0,0,1,0,0,29.259569217514947,7.692320529449199,0.5000000000000011,-0.866025403784438
2023-07-01,centro_oeste,65863.0,2198877.0,91,0,0,1,16,0,0,0,0,0,1,0,0,0,0,0,0,1,0,29.95301692636741,7.695702054474679,-1.7157434800794711e-15,-1.0
2023-08-01,centro_oeste,82831.0,2651461.0,92,0,0,1,17,0,0,0,0,0,0,1,0,0,0,0,0,1,0,31.239758005114915,7.882866087813533,-0.4999999999999979,-0.8660254037844398
2023-09-01,centro_oeste,69830.0,2173642.0,93,0,0,1,18,0,0,0,0,0,0,0,1,0,0,0,0,1,0,32.125805445422934,7.684159380707936,-0.8660254037844354,-0.5000000000000058
2023-10-01,centro_oeste,73197.0,2387652.0,94,0,0,1,19,0,0,0,0,0,0,0,0,1,0,0,0,0,1,30.656477577134357,7.778065735249826,-1.0,-3.674559378078648e-15
2023-11-01,centro_oeste,68916.0,2274298.0,95,0,0,1,20,0,0,0,0,0,0,0,0,0,1,0,0,0,1,30.30209761429681,7.72942671233852,-0.866025403784439,0.49999999999999933
2023-12-01,centro_oeste,57797.0,1964318.0,96,0,0,1,21,0,0,0,0,0,0,0,0,0,0,1,0,0,1,29.42344365830787,7.582900390267965,-0.4999999999999981,0.8660254037844397
2024-01-01,centro_oeste,71629.0,2387965.0,97,0,0,1,22,0,0,0,0,0,0,0,0,0,0,0,0,0,0,29.995833272263205,7.778196817788668,-1.959434878635765e-15,1.0
2024-02-01,centro_oeste,64646.0,2422108.0,98,0,0,1,23,1,0,0,0,0,0,0,0,0,0,0,0,0,0,26.689974187773625,7.792393514365781,0.49999999999999467,0.8660254037844417
2024-03-01,centro_oeste,66478.0,2581099.0,99,0,0,1,24,0,1,0,0,0,0,0,0,0,0,0,0,0,0,25.755695538993272,7.8559705562088755,0.866025403784437,0.5000000000000028
2024-04-01,centro_oeste,79812.0,3128897.0,100,0,0,1,25,0,0,1,0,0,0,0,0,0,0,0,1,0,0,25.50803046568807,8.048435825261945,1.0,2.443103791928823e-16
2024-05-01,centro_oeste,71550.0,2655346.0,101,0,0,1,26,0,0,0,1,0,0,0,0,0,0,0,1,0,0,26.94564098238045,7.884330245335765,0.8660254037844373,-0.5000000000000023
2024-06-01,centro_oeste,75717.0,2549881.0,102,0,0,1,27,0,0,0,0,1,0,0,0,0,0,0,1,0,0,29.694326911726467,7.843801970396882,0.5000000000000012,-0.8660254037844379
2024-07-01,centro_oeste,78878.0,2571424.0,103,0,0,1,28,0,0,0,0,0,1,0,0,0,0,0,0,1,0,30.674832310812995,7.85221511004363,5.6346132373510016e-15,-1.0
2024-08-01,centro_oeste,82167.0,2650667.0,104,0,0,1,29,0,0,0,0,0,0,1,0,0,0,0,0,1,0,30.998612801985313,7.882566585422819,-0.49999999999999767,-0.86602540378444
2024-09-01,centro_oeste,79451.0,2577523.0,105,0,0,1,30,0,0,0,0,0,0,0,1,0,0,0,0,1,0,30.824555202805175,7.854584139226666,-0.8660254037844388,-0.4999999999999998
2024-10-01,centro_oeste,85273.0,2707153.0,106,0,0,1,31,0,0,0,0,0,0,0,0,1,0,0,0,0,1,31.499143195822324,7.903652808150087,-1.0,3.185938619692883e-15
2024-11-01,centro_oeste,71481.0,2383814.0,107,0,0,1,32,0,0,0,0,0,0,0,0,0,1,0,0,0,1,29.985980449816974,7.776457005007283,-0.8660254037844392,0.49999999999999917
2024-12-01,centro_oeste,55792.0,1885927.0,108,0,0,1,33,0,0,0,0,0,0,0,0,0,0,1,0,0,1,29.58332957744388,7.542174756187668,-0.5000000000000044,0.866025403784436
